Date,Clicks,Impressions,CTR,Position
2026-09-02,91,23241,0.39%,8.6
2026-09-03,97,22948,0.42%,8.6
2026-09-04,89,24194,0.37%,8.5
2026-09-05,71,24451,0.29%,8.4
2026-09-06,78,24648,0.32%,8.5
2026-09-07,111,25509,0.44%,8.5
2026-09-08,102,24930,0.41%,8.6
2026-09-09,115,25265,0.46%,8.5
2026-09-10,102,24307,0.42%,8.1
2026-09-11,116,23574,0.49%,7.7
2026-09-12,75,31149,0.24%,8.8
2026-09-13,106,24929,0.43%,8.2
2026-09-14,125,28467,0.44%,8.5
2026-09-15,106,28420,0.37%,8.1
2026-09-16,135,29647,0.46%,8.1
2026-09-17,163,27653,0.59%,8.1
2026-09-18,119,27461,0.43%,8.5
2026-09-19,96,29455,0.33%,8.6
2026-09-20,98,26924,0.36%,8.4
2026-09-21,121,27671,0.44%,8.6
2026-09-22,102,29797,0.34%,8.9
2026-09-23,90,29062,0.31%,9
2026-09-24,78,24908,0.31%,9.2
2026-09-25,89,19373,0.46%,7.9
2026-09-26,62,19019,0.33%,7.9
2026-09-27,80,18719,0.43%,7.8
2026-09-28,85,19277,0.44%,7.6
2026-09-29,67,18233,0.37%,7.7