reason,url,last_crawled
Page with redirect,https://ukdemographics.co.uk/your-area,2026-09-13
Page with redirect,https://ukdemographics.co.uk/findings,2026-09-11
Page with redirect,https://ukdemographics.co.uk/constituencies,2026-09-08
Page with redirect,https://ukdemographics.co.uk/regional,2026-09-04
Page with redirect,https://ukdemographics.co.uk/places/barking-and-dagenham,2026-09-01
Page with redirect,https://ukdemographics.co.uk/sources,2026-08-30
Page with redirect,https://ukdemographics.co.uk/places,2026-08-30
Page with redirect,https://ukdemographics.co.uk/national,2026-08-25
Page with redirect,https://ukdemographics.co.uk/compare,2026-08-23
Page with redirect,https://ukdemographics.co.uk/schools,2026-08-22
Page with redirect,https://ukdemographics.co.uk/methodology,2026-07-27
Page with redirect,https://ukdemographics.co.uk/pressure,2026-07-27
Page with redirect,https://ukdemographics.co.uk/housing,2026-07-26
Page with redirect,https://ukdemographics.co.uk/glossary,2026-07-23
Page with redirect,https://ukdemographics.co.uk/releases,2026-07-23
Not found (404),https://ukdemographics.co.uk/places/regions/unknown/,2026-09-04
Not found (404),https://ukdemographics.co.uk/places/belfast/,2026-05-31
Not found (404),https://ukdemographics.co.uk/places/glasgow-city/,2026-05-26
Not found (404),https://ukdemographics.co.uk/places/aberdeenshire/,2026-05-23
Not found (404),https://ukdemographics.co.uk/places/city-of-edinburgh/,2026-05-23
Not found (404),https://ukdemographics.co.uk/places/derry-city-and-strabane/,2026-05-23
Not found (404),https://ukdemographics.co.uk/places/antrim-and-newtownabbey/,2026-05-23
Not found (404),https://ukdemographics.co.uk/places/perth-and-kinross/,2026-05-23
