Top pages,Clicks,Impressions,CTR,Position
https://ukdemographics.co.uk/your-area/,136,1640,8.29%,8.13
https://ukdemographics.co.uk/findings/birmingham-demographic-transformation/,128,10118,1.27%,6.73
https://ukdemographics.co.uk/,123,27800,0.44%,9.66
https://ukdemographics.co.uk/constituencies/holborn-and-st-pancras/,67,2539,2.64%,7.47
https://ukdemographics.co.uk/schools/,62,1682,3.69%,6.48
https://ukdemographics.co.uk/findings/86-areas-minority-wbi-2051/,60,3236,1.85%,6.79
https://ukdemographics.co.uk/places/luton/,36,7626,0.47%,7.47
https://ukdemographics.co.uk/places/newcastle-upon-tyne/,35,15767,0.22%,7.81
https://ukdemographics.co.uk/places/bradford/,33,10196,0.32%,8.37
https://ukdemographics.co.uk/places/manchester/,31,14812,0.21%,9.32
https://ukdemographics.co.uk/places/birmingham/,28,10626,0.26%,8.57
https://ukdemographics.co.uk/places/leicester/,26,7695,0.34%,8.69
https://ukdemographics.co.uk/places/liverpool/,24,9057,0.26%,8.8
https://ukdemographics.co.uk/places/isle-of-wight/,23,10818,0.21%,7.63
https://ukdemographics.co.uk/places/norwich/,23,9117,0.25%,6.75
https://ukdemographics.co.uk/places/ipswich/,23,6118,0.38%,7.05
https://ukdemographics.co.uk/places/blackpool/,23,4068,0.57%,7.68
https://ukdemographics.co.uk/findings/roma-gypsy-tracking/,23,2707,0.85%,6.63
https://ukdemographics.co.uk/places/cardiff/,22,7964,0.28%,8.77
https://ukdemographics.co.uk/places/slough/,22,3704,0.59%,6.96
https://ukdemographics.co.uk/places/swindon/,21,5495,0.38%,6.23
https://ukdemographics.co.uk/places/reading/,20,7348,0.27%,7.55
https://ukdemographics.co.uk/places/bolton/,20,4346,0.46%,7.97
https://ukdemographics.co.uk/places/coventry/,19,7879,0.24%,8.11
https://ukdemographics.co.uk/places/havering/,19,1433,1.33%,7.77
https://ukdemographics.co.uk/places/merthyr-tydfil/,19,1066,1.78%,6.82
https://ukdemographics.co.uk/places/doncaster/,18,3379,0.53%,8.61
https://ukdemographics.co.uk/findings/fertility-rate-reality-check/,18,827,2.18%,5.33
https://ukdemographics.co.uk/places/leeds/,17,5680,0.3%,8.97
https://ukdemographics.co.uk/places/portsmouth/,17,5518,0.31%,8.39
https://ukdemographics.co.uk/places/lincoln/,17,5030,0.34%,8.04
https://ukdemographics.co.uk/places/lancaster/,17,4265,0.4%,7.1
https://ukdemographics.co.uk/places/stoke-on-trent/,16,8298,0.19%,6.24
https://ukdemographics.co.uk/places/newport/,16,3744,0.43%,7.83
https://ukdemographics.co.uk/places/croydon/,16,3491,0.46%,7.81
https://ukdemographics.co.uk/places/dartford/,16,2384,0.67%,6.72
https://ukdemographics.co.uk/places/wirral/,16,1894,0.84%,6.58
https://ukdemographics.co.uk/places/brighton-and-hove/,15,11135,0.13%,8.68
https://ukdemographics.co.uk/places/york/,15,7609,0.2%,8.1
https://ukdemographics.co.uk/places/newham/,15,2814,0.53%,8.04
https://ukdemographics.co.uk/places/wolverhampton/,14,4458,0.31%,7.71
https://ukdemographics.co.uk/places/colchester/,14,3942,0.36%,8.35
https://ukdemographics.co.uk/places/canterbury/,14,2838,0.49%,8.72
https://ukdemographics.co.uk/places/barking-and-dagenham/,14,2207,0.63%,7.81
https://ukdemographics.co.uk/places/bournemouth-christchurch-and-poole/,13,7678,0.17%,8.64
https://ukdemographics.co.uk/places/cambridge/,13,6600,0.2%,9.17
https://ukdemographics.co.uk/places/milton-keynes/,13,6379,0.2%,7.51
https://ukdemographics.co.uk/places/nottingham/,13,5704,0.23%,9.05
https://ukdemographics.co.uk/places/middlesbrough/,13,5489,0.24%,8.17
https://ukdemographics.co.uk/places/preston/,13,4565,0.28%,7.61
https://ukdemographics.co.uk/places/rotherham/,13,3107,0.42%,7.08
https://ukdemographics.co.uk/places/watford/,13,2782,0.47%,7.65
https://ukdemographics.co.uk/places/eastbourne/,13,2759,0.47%,7.34
https://ukdemographics.co.uk/places/,13,1553,0.84%,6.99
https://ukdemographics.co.uk/places/tower-hamlets/,13,1426,0.91%,8.32
https://ukdemographics.co.uk/places/bath-and-north-east-somerset/,12,6301,0.19%,8.13
https://ukdemographics.co.uk/places/blackburn-with-darwen/,12,4151,0.29%,7.82
https://ukdemographics.co.uk/places/winchester/,12,3775,0.32%,6.89
https://ukdemographics.co.uk/places/cornwall/,12,2941,0.41%,9.49
https://ukdemographics.co.uk/places/kingston-upon-thames/,12,2335,0.51%,7.44
https://ukdemographics.co.uk/places/boston/,12,1908,0.63%,7.75
https://ukdemographics.co.uk/places/greenwich/,12,1821,0.66%,7.52
https://ukdemographics.co.uk/places/southampton/,11,6479,0.17%,8.55
https://ukdemographics.co.uk/places/derby/,11,5237,0.21%,8.2
https://ukdemographics.co.uk/places/guildford/,11,3805,0.29%,8.05
https://ukdemographics.co.uk/places/worcester/,11,3564,0.31%,7.54
https://ukdemographics.co.uk/places/burnley/,11,3292,0.33%,6.95
https://ukdemographics.co.uk/places/wigan/,11,3186,0.35%,7.35
https://ukdemographics.co.uk/places/bromley/,11,2263,0.49%,7.67
https://ukdemographics.co.uk/places/walsall/,11,2204,0.5%,8.28
https://ukdemographics.co.uk/places/salford/,11,2138,0.51%,7.87
https://ukdemographics.co.uk/places/hastings/,11,2136,0.51%,8.04
https://ukdemographics.co.uk/places/ealing/,11,1915,0.57%,8.01
https://ukdemographics.co.uk/places/stockport/,11,1899,0.58%,8.47
https://ukdemographics.co.uk/places/wrexham/,11,1820,0.6%,8.54
https://ukdemographics.co.uk/places/bexley/,11,1729,0.64%,7.03
https://ukdemographics.co.uk/places/southwark/,11,1472,0.75%,8.16
https://ukdemographics.co.uk/places/bristol-city-of/,10,22468,0.04%,9.88
https://ukdemographics.co.uk/places/sheffield/,10,3644,0.27%,8.65
https://ukdemographics.co.uk/places/mansfield/,10,2138,0.47%,6.59
https://ukdemographics.co.uk/places/north-northamptonshire/,10,1986,0.5%,9.96
https://ukdemographics.co.uk/places/rhondda-cynon-taf/,10,716,1.4%,7.69
https://ukdemographics.co.uk/places/oxford/,9,7126,0.13%,9.02
https://ukdemographics.co.uk/places/plymouth/,9,5316,0.17%,8.19
https://ukdemographics.co.uk/places/camden/,9,2318,0.39%,7.49
https://ukdemographics.co.uk/places/nuneaton-and-bedworth/,9,2022,0.45%,7.89
https://ukdemographics.co.uk/places/warwick/,9,1931,0.47%,7.51
https://ukdemographics.co.uk/places/solihull/,9,1896,0.47%,6.77
https://ukdemographics.co.uk/places/wakefield/,9,1890,0.48%,10.37
https://ukdemographics.co.uk/places/ashford/,9,1683,0.53%,8.34
https://ukdemographics.co.uk/places/dorset/,9,1522,0.59%,7.88
https://ukdemographics.co.uk/places/redditch/,9,1474,0.61%,6.49
https://ukdemographics.co.uk/places/lichfield/,9,696,1.29%,7.04
https://ukdemographics.co.uk/places/gloucester/,8,4312,0.19%,7.77
https://ukdemographics.co.uk/places/peterborough/,8,4304,0.19%,8.54
https://ukdemographics.co.uk/places/crawley/,8,2991,0.27%,7.43
https://ukdemographics.co.uk/places/st-albans/,8,2877,0.28%,8.57
https://ukdemographics.co.uk/places/cheshire-west-and-chester/,8,2386,0.34%,9.35
https://ukdemographics.co.uk/places/barnsley/,8,2328,0.34%,7.97
https://ukdemographics.co.uk/places/southend-on-sea/,8,1971,0.41%,8.47
https://ukdemographics.co.uk/places/great-yarmouth/,8,1906,0.42%,6.87
https://ukdemographics.co.uk/places/basingstoke-and-deane/,8,1691,0.47%,8.68
https://ukdemographics.co.uk/places/redbridge/,8,1366,0.59%,6.95
https://ukdemographics.co.uk/places/north-yorkshire/,8,1317,0.61%,7.79
https://ukdemographics.co.uk/places/thanet/,8,963,0.83%,6.58
https://ukdemographics.co.uk/constituencies/makerfield/,8,607,1.32%,6.65
https://ukdemographics.co.uk/findings/blackburn-minority-wb-2027/,8,387,2.07%,7.03
https://ukdemographics.co.uk/places/darlington/,7,2245,0.31%,7.77
https://ukdemographics.co.uk/places/tunbridge-wells/,7,2100,0.33%,7.7
https://ukdemographics.co.uk/places/lewisham/,7,1989,0.35%,7.76
https://ukdemographics.co.uk/places/somerset/,7,1909,0.37%,8.85
https://ukdemographics.co.uk/places/king-s-lynn-and-west-norfolk/,7,1829,0.38%,7.92
https://ukdemographics.co.uk/places/hartlepool/,7,1762,0.4%,7.56
https://ukdemographics.co.uk/places/cotswold/,7,1625,0.43%,6.5
https://ukdemographics.co.uk/places/wiltshire/,7,1297,0.54%,8.46
https://ukdemographics.co.uk/places/brentwood/,7,1211,0.58%,7.13
https://ukdemographics.co.uk/findings/arab-population-projections/,7,1065,0.66%,5.24
https://ukdemographics.co.uk/places/epsom-and-ewell/,7,1043,0.67%,7.91
https://ukdemographics.co.uk/places/hillingdon/,7,1017,0.69%,10.57
https://ukdemographics.co.uk/places/neath-port-talbot/,7,922,0.76%,9.95
https://ukdemographics.co.uk/constituencies/,7,710,0.99%,14.1
https://ukdemographics.co.uk/findings/109-areas-minority-wbi-2051/,7,360,1.94%,7.45
https://ukdemographics.co.uk/places/sunderland/,6,4363,0.14%,8.1
https://ukdemographics.co.uk/places/oldham/,6,2559,0.23%,8.83
https://ukdemographics.co.uk/places/harrow/,6,2450,0.24%,8.17
https://ukdemographics.co.uk/places/worthing/,6,2289,0.26%,7.05
https://ukdemographics.co.uk/places/richmond-upon-thames/,6,2124,0.28%,8.24
https://ukdemographics.co.uk/places/woking/,6,1893,0.32%,7.66
https://ukdemographics.co.uk/places/st-helens/,6,1691,0.35%,7.45
https://ukdemographics.co.uk/places/sutton/,6,1677,0.36%,7.69
https://ukdemographics.co.uk/places/redcar-and-cleveland/,6,1549,0.39%,7.05
https://ukdemographics.co.uk/places/hounslow/,6,1423,0.42%,8.72
https://ukdemographics.co.uk/places/wandsworth/,6,1344,0.45%,7.83
https://ukdemographics.co.uk/constituencies/clacton/,6,828,0.72%,12.68
https://ukdemographics.co.uk/places/bracknell-forest/,6,766,0.78%,8.85
https://ukdemographics.co.uk/places/maldon/,6,602,1%,7.75
https://ukdemographics.co.uk/methodology/,6,163,3.68%,6.17
https://ukdemographics.co.uk/places/kingston-upon-hull-city-of/,5,6709,0.07%,8.48
https://ukdemographics.co.uk/places/county-durham/,5,2196,0.23%,9.8
https://ukdemographics.co.uk/places/northumberland/,5,2073,0.24%,7.56
https://ukdemographics.co.uk/places/telford-and-wrekin/,5,2018,0.25%,8.71
https://ukdemographics.co.uk/places/dover/,5,1671,0.3%,7.28
https://ukdemographics.co.uk/places/enfield/,5,1477,0.34%,8.9
https://ukdemographics.co.uk/places/waltham-forest/,5,1307,0.38%,9.18
https://ukdemographics.co.uk/places/torbay/,5,1207,0.41%,8.41
https://ukdemographics.co.uk/places/kensington-and-chelsea/,5,944,0.53%,7.6
https://ukdemographics.co.uk/places/north-tyneside/,5,860,0.58%,7.3
https://ukdemographics.co.uk/places/shropshire/,5,828,0.6%,9.57
https://ukdemographics.co.uk/places/derbyshire-dales/,5,557,0.9%,9.15
https://ukdemographics.co.uk/places/welwyn-hatfield/,5,436,1.15%,7.16
https://ukdemographics.co.uk/places/rutland/,5,432,1.16%,7.7
https://ukdemographics.co.uk/places/stratford-on-avon/,5,319,1.57%,6.51
https://ukdemographics.co.uk/places/swansea/,4,6964,0.06%,8.51
https://ukdemographics.co.uk/places/chelmsford/,4,3292,0.12%,7.78
https://ukdemographics.co.uk/places/rochdale/,4,2402,0.17%,7.75
https://ukdemographics.co.uk/places/cheltenham/,4,2346,0.17%,7.7
https://ukdemographics.co.uk/places/maidstone/,4,2285,0.18%,7.51
https://ukdemographics.co.uk/places/warrington/,4,1948,0.21%,8.14
https://ukdemographics.co.uk/places/islington/,4,1615,0.25%,8.32
https://ukdemographics.co.uk/places/chichester/,4,1499,0.27%,8.06
https://ukdemographics.co.uk/places/harlow/,4,1441,0.28%,6.94
https://ukdemographics.co.uk/places/windsor-and-maidenhead/,4,1409,0.28%,7.32
https://ukdemographics.co.uk/places/brent/,4,1372,0.29%,8.01
https://ukdemographics.co.uk/places/gosport/,4,1349,0.3%,6.95
https://ukdemographics.co.uk/places/westminster/,4,1251,0.32%,7.4
https://ukdemographics.co.uk/places/hammersmith-and-fulham/,4,1226,0.33%,9.36
https://ukdemographics.co.uk/places/bedford/,4,1129,0.35%,8.58
https://ukdemographics.co.uk/places/lambeth/,4,1107,0.36%,9.08
https://ukdemographics.co.uk/places/stroud/,4,1077,0.37%,9.21
https://ukdemographics.co.uk/places/pembrokeshire/,4,1042,0.38%,7.14
https://ukdemographics.co.uk/places/bromsgrove/,4,938,0.43%,7.44
https://ukdemographics.co.uk/places/north-norfolk/,4,927,0.43%,10.36
https://ukdemographics.co.uk/places/newark-and-sherwood/,4,911,0.44%,7.94
https://ukdemographics.co.uk/constituencies/newbury/,4,825,0.48%,8.3
https://ukdemographics.co.uk/places/cannock-chase/,4,727,0.55%,8.16
https://ukdemographics.co.uk/places/trafford/,4,715,0.56%,8.42
https://ukdemographics.co.uk/places/tonbridge-and-malling/,4,709,0.56%,10.54
https://ukdemographics.co.uk/regional/,4,585,0.68%,20.9
https://ukdemographics.co.uk/places/barnet/,4,520,0.77%,8.26
https://ukdemographics.co.uk/places/kirklees/,4,519,0.77%,8.59
https://ukdemographics.co.uk/places/regions/north-west/,4,511,0.78%,7.43
https://ukdemographics.co.uk/findings/newethpop-validation-2021/,4,417,0.96%,4.87
https://ukdemographics.co.uk/places/hinckley-and-bosworth/,4,381,1.05%,7.11
https://ukdemographics.co.uk/places/stafford/,4,220,1.82%,5.63
https://ukdemographics.co.uk/places/knowsley/,3,1692,0.18%,5.57
https://ukdemographics.co.uk/places/hackney/,3,1566,0.19%,8.94
https://ukdemographics.co.uk/compare/,3,1526,0.2%,13.59
https://ukdemographics.co.uk/places/bridgend/,3,1436,0.21%,6.95
https://ukdemographics.co.uk/places/buckinghamshire/,3,1354,0.22%,8.9
https://ukdemographics.co.uk/places/sevenoaks/,3,1171,0.26%,7.6
https://ukdemographics.co.uk/places/isle-of-anglesey/,3,916,0.33%,8.75
https://ukdemographics.co.uk/places/haringey/,3,898,0.33%,9.75
https://ukdemographics.co.uk/places/west-berkshire/,3,804,0.37%,7.13
https://ukdemographics.co.uk/places/herefordshire-county-of/,3,772,0.39%,9.13
https://ukdemographics.co.uk/places/chorley/,3,659,0.46%,8.07
https://ukdemographics.co.uk/places/wokingham/,3,652,0.46%,8.86
https://ukdemographics.co.uk/places/thurrock/,3,641,0.47%,7.05
https://ukdemographics.co.uk/places/torfaen/,3,600,0.5%,6.26
https://ukdemographics.co.uk/places/tamworth/,3,562,0.53%,6.43
https://ukdemographics.co.uk/places/east-devon/,3,538,0.56%,6.55
https://ukdemographics.co.uk/places/pendle/,3,515,0.58%,7.09
https://ukdemographics.co.uk/findings/,3,493,0.61%,9.09
https://ukdemographics.co.uk/places/conwy/,3,486,0.62%,7.8
https://ukdemographics.co.uk/constituencies/bicester-and-woodstock/,3,479,0.63%,7.4
https://ukdemographics.co.uk/constituencies/walthamstow/,3,467,0.64%,8.32
https://ukdemographics.co.uk/constituencies/orpington/,3,426,0.7%,7.57
https://ukdemographics.co.uk/places/staffordshire-moorlands/,3,390,0.77%,7.22
https://ukdemographics.co.uk/places/south-derbyshire/,3,308,0.97%,9.02
https://ukdemographics.co.uk/places/swale/,3,259,1.16%,6.44
https://ukdemographics.co.uk/findings/india-tops-every-table-2025/,3,224,1.34%,6.33
https://ukdemographics.co.uk/places/spelthorne/,3,180,1.67%,7.16
https://ukdemographics.co.uk/places/rushcliffe/,3,166,1.81%,9.9
https://ukdemographics.co.uk/constituencies/godalming-and-ash/,3,93,3.23%,9.69
https://ukdemographics.co.uk/constituencies/battersea/,3,83,3.61%,8.45
https://ukdemographics.co.uk/constituencies/leeds-north-east/,3,23,13.04%,8.83
https://ukdemographics.co.uk/places/stevenage/,2,2594,0.08%,7.66
https://ukdemographics.co.uk/places/horsham/,2,1667,0.12%,8.35
https://ukdemographics.co.uk/places/carmarthenshire/,2,1393,0.14%,7.89
https://ukdemographics.co.uk/places/stockton-on-tees/,2,1367,0.15%,7.67
https://ukdemographics.co.uk/places/gateshead/,2,1207,0.17%,7.57
https://ukdemographics.co.uk/places/braintree/,2,1192,0.17%,7.52
https://ukdemographics.co.uk/places/sandwell/,2,1178,0.17%,7.96
https://ukdemographics.co.uk/places/powys/,2,995,0.2%,7.45
https://ukdemographics.co.uk/places/monmouthshire/,2,968,0.21%,6.69
https://ukdemographics.co.uk/places/south-tyneside/,2,949,0.21%,7.55
https://ukdemographics.co.uk/places/dudley/,2,898,0.22%,9.02
https://ukdemographics.co.uk/places/fareham/,2,729,0.27%,8.05
https://ukdemographics.co.uk/places/eastleigh/,2,721,0.28%,8
https://ukdemographics.co.uk/places/merton/,2,676,0.3%,9.15
https://ukdemographics.co.uk/places/tewkesbury/,2,640,0.31%,8.02
https://ukdemographics.co.uk/constituencies/llanelli/,2,612,0.33%,9.65
https://ukdemographics.co.uk/places/blaenau-gwent/,2,574,0.35%,8.35
https://ukdemographics.co.uk/constituencies/southport/,2,571,0.35%,10.86
https://ukdemographics.co.uk/places/north-east-lincolnshire/,2,565,0.35%,9.12
https://ukdemographics.co.uk/places/east-riding-of-yorkshire/,2,561,0.36%,9.02
https://ukdemographics.co.uk/places/caerphilly/,2,523,0.38%,8.12
https://ukdemographics.co.uk/places/cheshire-east/,2,482,0.41%,8.98
https://ukdemographics.co.uk/places/west-lancashire/,2,481,0.42%,8.15
https://ukdemographics.co.uk/constituencies/romford/,2,467,0.43%,9.07
https://ukdemographics.co.uk/constituencies/loughborough/,2,458,0.44%,10.43
https://ukdemographics.co.uk/places/folkestone-and-hythe/,2,444,0.45%,9.04
https://ukdemographics.co.uk/places/north-lincolnshire/,2,414,0.48%,8.22
https://ukdemographics.co.uk/constituencies/scarborough-and-whitby/,2,391,0.51%,10.94
https://ukdemographics.co.uk/places/east-suffolk/,2,381,0.52%,7.73
https://ukdemographics.co.uk/constituencies/city-of-durham/,2,362,0.55%,12.02
https://ukdemographics.co.uk/places/north-devon/,2,354,0.56%,7.49
https://ukdemographics.co.uk/places/gwynedd/,2,340,0.59%,9.55
https://ukdemographics.co.uk/places/south-gloucestershire/,2,325,0.62%,7.65
https://ukdemographics.co.uk/places/hyndburn/,2,323,0.62%,7.34
https://ukdemographics.co.uk/constituencies/hornchurch-and-upminster/,2,309,0.65%,7.86
https://ukdemographics.co.uk/places/sefton/,2,291,0.69%,8.07
https://ukdemographics.co.uk/constituencies/gorton-and-denton/,2,291,0.69%,18.8
https://ukdemographics.co.uk/constituencies/barrow-and-furness/,2,290,0.69%,9.97
https://ukdemographics.co.uk/places/ribble-valley/,2,289,0.69%,8.26
https://ukdemographics.co.uk/places/bury/,2,276,0.72%,7.84
https://ukdemographics.co.uk/places/fylde/,2,268,0.75%,7.34
https://ukdemographics.co.uk/places/elmbridge/,2,247,0.81%,6.64
https://ukdemographics.co.uk/places/castle-point/,2,232,0.86%,7.09
https://ukdemographics.co.uk/constituencies/ashton-under-lyne/,2,230,0.87%,11.87
https://ukdemographics.co.uk/places/east-hertfordshire/,2,224,0.89%,7.37
https://ukdemographics.co.uk/places/bassetlaw/,2,213,0.94%,8.22
https://ukdemographics.co.uk/constituencies/yeovil/,2,184,1.09%,10.19
https://ukdemographics.co.uk/places/chesterfield/,2,181,1.1%,6.34
https://ukdemographics.co.uk/places/east-lindsey/,2,173,1.16%,8.13
https://ukdemographics.co.uk/places/cumberland/,2,139,1.44%,5.71
https://ukdemographics.co.uk/constituencies/hackney-north-and-stoke-newington/,2,139,1.44%,12.45
https://ukdemographics.co.uk/constituencies/carshalton-and-wallington/,2,134,1.49%,9.49
https://ukdemographics.co.uk/constituencies/skipton-and-ripon/,2,130,1.54%,9.26
https://ukdemographics.co.uk/places/three-rivers/,2,103,1.94%,9.34
https://ukdemographics.co.uk/constituencies/herne-bay-and-sandwich/,2,83,2.41%,8.4
https://ukdemographics.co.uk/constituencies/bethnal-green-and-stepney/,2,82,2.44%,8.87
https://ukdemographics.co.uk/constituencies/hastings-and-rye/,2,82,2.44%,13.15
https://ukdemographics.co.uk/constituencies/clapham-and-brixton-hill/,2,76,2.63%,9.01
https://ukdemographics.co.uk/constituencies/birmingham-edgbaston/,2,70,2.86%,10.61
https://ukdemographics.co.uk/constituencies/west-ham-and-beckton/,2,67,2.99%,8.78
https://ukdemographics.co.uk/constituencies/basingstoke/,2,58,3.45%,8.19
https://ukdemographics.co.uk/constituencies/ilford-south/,2,31,6.45%,12.84
https://ukdemographics.co.uk/constituencies/tottenham/,2,17,11.76%,6.18
https://ukdemographics.co.uk/constituencies/leicester-west/,2,16,12.5%,9.31
https://ukdemographics.co.uk/constituencies/coventry-south/,2,14,14.29%,6.43
https://ukdemographics.co.uk/constituencies/shrewsbury/,1,1305,0.08%,10.21
https://ukdemographics.co.uk/constituencies/banbury/,1,1021,0.1%,9.01
https://ukdemographics.co.uk/places/ceredigion/,1,877,0.11%,6.82
https://ukdemographics.co.uk/places/reigate-and-banstead/,1,868,0.12%,7.1
https://ukdemographics.co.uk/places/regions/west-midlands/,1,814,0.12%,8.91
https://ukdemographics.co.uk/findings/albanian-white-other-finding/,1,783,0.13%,7.2
https://ukdemographics.co.uk/places/ashfield/,1,764,0.13%,8.39
https://ukdemographics.co.uk/places/lewes/,1,715,0.14%,7.76
https://ukdemographics.co.uk/places/city-of-london/,1,691,0.14%,11.22
https://ukdemographics.co.uk/places/tameside/,1,684,0.15%,8.05
https://ukdemographics.co.uk/places/regions/south-west/,1,671,0.15%,8.79
https://ukdemographics.co.uk/findings/births-non-uk-born-mothers-2024/,1,638,0.16%,7.38
https://ukdemographics.co.uk/constituencies/hitchin/,1,637,0.16%,9.15
https://ukdemographics.co.uk/places/harborough/,1,615,0.16%,9.28
https://ukdemographics.co.uk/places/flintshire/,1,598,0.17%,6.98
https://ukdemographics.co.uk/places/medway/,1,598,0.17%,7.38
https://ukdemographics.co.uk/constituencies/witney/,1,517,0.19%,8.46
https://ukdemographics.co.uk/constituencies/brentford-and-isleworth/,1,475,0.21%,8.4
https://ukdemographics.co.uk/places/broxbourne/,1,467,0.21%,7.63
https://ukdemographics.co.uk/places/regions/north-east/,1,466,0.21%,10.5
https://ukdemographics.co.uk/constituencies/aylesbury/,1,435,0.23%,10.93
https://ukdemographics.co.uk/constituencies/weston-super-mare/,1,424,0.24%,12.5
https://ukdemographics.co.uk/constituencies/bury-st-edmunds-and-stowmarket/,1,418,0.24%,11.53
https://ukdemographics.co.uk/constituencies/cities-of-london-and-westminster/,1,417,0.24%,13.2
https://ukdemographics.co.uk/places/denbighshire/,1,402,0.25%,8.32
https://ukdemographics.co.uk/places/oadby-and-wigston/,1,385,0.26%,7.92
https://ukdemographics.co.uk/constituencies/west-bromwich/,1,378,0.26%,9.34
https://ukdemographics.co.uk/constituencies/chesham-and-amersham/,1,369,0.27%,9.96
https://ukdemographics.co.uk/places/basildon/,1,367,0.27%,7.41
https://ukdemographics.co.uk/places/halton/,1,366,0.27%,7.39
https://ukdemographics.co.uk/constituencies/whitehaven-and-workington/,1,341,0.29%,9.13
https://ukdemographics.co.uk/constituencies/witham/,1,335,0.3%,8.24
https://ukdemographics.co.uk/places/hertsmere/,1,319,0.31%,8.28
https://ukdemographics.co.uk/places/bolsover/,1,316,0.32%,6.94
https://ukdemographics.co.uk/places/exeter/,1,313,0.32%,7.42
https://ukdemographics.co.uk/constituencies/exeter/,1,310,0.32%,16.63
https://ukdemographics.co.uk/constituencies/crewe-and-nantwich/,1,304,0.33%,11.13
https://ukdemographics.co.uk/constituencies/boston-and-skegness/,1,286,0.35%,10.6
https://ukdemographics.co.uk/constituencies/twickenham/,1,257,0.39%,7.27
https://ukdemographics.co.uk/places/north-somerset/,1,247,0.4%,8.47
https://ukdemographics.co.uk/releases/,1,245,0.41%,24.4
https://ukdemographics.co.uk/constituencies/halifax/,1,240,0.42%,9.13
https://ukdemographics.co.uk/constituencies/ilford-north/,1,233,0.43%,11.23
https://ukdemographics.co.uk/places/north-west-leicestershire/,1,220,0.45%,8.15
https://ukdemographics.co.uk/places/regions/south-east/,1,216,0.46%,7.39
https://ukdemographics.co.uk/places/charnwood/,1,215,0.47%,8.09
https://ukdemographics.co.uk/places/south-oxfordshire/,1,213,0.47%,7.17
https://ukdemographics.co.uk/constituencies/goole-and-pocklington/,1,212,0.47%,9.84
https://ukdemographics.co.uk/places/teignbridge/,1,207,0.48%,10.16
https://ukdemographics.co.uk/places/tendring/,1,206,0.49%,7.27
https://ukdemographics.co.uk/places/forest-of-dean/,1,197,0.51%,8.06
https://ukdemographics.co.uk/constituencies/birmingham-yardley/,1,187,0.53%,9.47
https://ukdemographics.co.uk/places/south-hams/,1,177,0.56%,8.02
https://ukdemographics.co.uk/places/west-oxfordshire/,1,176,0.57%,7.91
https://ukdemographics.co.uk/places/wyre-forest/,1,174,0.57%,9.33
https://ukdemographics.co.uk/constituencies/peckham/,1,172,0.58%,8.66
https://ukdemographics.co.uk/constituencies/bury-north/,1,168,0.6%,14.7
https://ukdemographics.co.uk/places/rochford/,1,167,0.6%,7.2
https://ukdemographics.co.uk/constituencies/st-ives/,1,166,0.6%,9.36
https://ukdemographics.co.uk/places/wyre/,1,163,0.61%,7.94
https://ukdemographics.co.uk/constituencies/leeds-west-and-pudsey/,1,161,0.62%,19.37
https://ukdemographics.co.uk/places/tandridge/,1,157,0.64%,9.47
https://ukdemographics.co.uk/places/newcastle-under-lyme/,1,148,0.68%,6.53
https://ukdemographics.co.uk/constituencies/rossendale-and-darwen/,1,144,0.69%,14.64
https://ukdemographics.co.uk/constituencies/bognor-regis-and-littlehampton/,1,135,0.74%,8.84
https://ukdemographics.co.uk/places/north-kesteven/,1,133,0.75%,8.99
https://ukdemographics.co.uk/constituencies/doncaster-north/,1,128,0.78%,11.27
https://ukdemographics.co.uk/places/wealden/,1,124,0.81%,8.4
https://ukdemographics.co.uk/places/arun/,1,124,0.81%,9.35
https://ukdemographics.co.uk/places/west-suffolk/,1,123,0.81%,7.5
https://ukdemographics.co.uk/findings/care-worker-collapse-2026/,1,121,0.83%,5.27
https://ukdemographics.co.uk/constituencies/putney/,1,121,0.83%,8.34
https://ukdemographics.co.uk/places/amber-valley/,1,116,0.86%,10.55
https://ukdemographics.co.uk/constituencies/ribble-valley/,1,114,0.88%,19.24
https://ukdemographics.co.uk/constituencies/tooting/,1,113,0.88%,8.91
https://ukdemographics.co.uk/constituencies/birmingham-hodge-hill-and-solihull-north/,1,111,0.9%,8.46
https://ukdemographics.co.uk/places/north-east-derbyshire/,1,109,0.92%,8.72
https://ukdemographics.co.uk/constituencies/burnley/,1,107,0.93%,24.58
https://ukdemographics.co.uk/constituencies/sheffield-hallam/,1,105,0.95%,13.99
https://ukdemographics.co.uk/constituencies/tiverton-and-minehead/,1,100,1%,9.5
https://ukdemographics.co.uk/places/runnymede/,1,98,1.02%,7.46
https://ukdemographics.co.uk/constituencies/morecambe-and-lunesdale/,1,93,1.08%,9.11
https://ukdemographics.co.uk/constituencies/newark/,1,85,1.18%,12.73
https://ukdemographics.co.uk/constituencies/worsley-and-eccles/,1,84,1.19%,9.69
https://ukdemographics.co.uk/constituencies/east-wiltshire/,1,83,1.2%,13.7
https://ukdemographics.co.uk/constituencies/brigg-and-immingham/,1,82,1.22%,9.26
https://ukdemographics.co.uk/constituencies/leeds-south-west-and-morley/,1,80,1.25%,9.51
https://ukdemographics.co.uk/constituencies/southgate-and-wood-green/,1,80,1.25%,9.74
https://ukdemographics.co.uk/constituencies/chingford-and-woodford-green/,1,79,1.27%,12.51
https://ukdemographics.co.uk/constituencies/middlesbrough-south-and-east-cleveland/,1,76,1.32%,14.28
https://ukdemographics.co.uk/national/,1,74,1.35%,6
https://ukdemographics.co.uk/constituencies/burton-and-uttoxeter/,1,74,1.35%,8.03
https://ukdemographics.co.uk/constituencies/hertford-and-stortford/,1,69,1.45%,11.04
https://ukdemographics.co.uk/constituencies/stroud/,1,65,1.54%,21.43
https://ukdemographics.co.uk/places/vale-of-white-horse/,1,64,1.56%,8.47
https://ukdemographics.co.uk/constituencies/castle-point/,1,62,1.61%,12.89
https://ukdemographics.co.uk/constituencies/westmorland-and-lonsdale/,1,61,1.64%,11.3
https://ukdemographics.co.uk/constituencies/shipley/,1,61,1.64%,11.52
https://ukdemographics.co.uk/constituencies/manchester-central/,1,61,1.64%,13.38
https://ukdemographics.co.uk/constituencies/northampton-north/,1,59,1.69%,12.58
https://ukdemographics.co.uk/constituencies/st-neots-and-mid-cambridgeshire/,1,58,1.72%,7.81
https://ukdemographics.co.uk/constituencies/st-helens-north/,1,58,1.72%,23.95
https://ukdemographics.co.uk/constituencies/bristol-central/,1,55,1.82%,8.65
https://ukdemographics.co.uk/places/rushmoor/,1,54,1.85%,6.72
https://ukdemographics.co.uk/constituencies/manchester-withington/,1,54,1.85%,16.07
https://ukdemographics.co.uk/constituencies/liverpool-wavertree/,1,53,1.89%,13.74
https://ukdemographics.co.uk/findings/british-emigration-180k-undercount/,1,50,2%,5.44
https://ukdemographics.co.uk/places/west-northamptonshire/,1,50,2%,6.58
https://ukdemographics.co.uk/constituencies/northampton-south/,1,49,2.04%,6.14
https://ukdemographics.co.uk/constituencies/bridgwater/,1,49,2.04%,8.92
https://ukdemographics.co.uk/constituencies/east-hampshire/,1,48,2.08%,15.71
https://ukdemographics.co.uk/constituencies/esher-and-walton/,1,47,2.13%,11.98
https://ukdemographics.co.uk/constituencies/east-kilbride-and-strathaven/,1,47,2.13%,12.09
https://ukdemographics.co.uk/constituencies/bristol-south/,1,46,2.17%,11.89
https://ukdemographics.co.uk/constituencies/barnsley-south/,1,45,2.22%,18.84
https://ukdemographics.co.uk/constituencies/canterbury/,1,43,2.33%,11.26
https://ukdemographics.co.uk/constituencies/filton-and-bradley-stoke/,1,42,2.38%,8.93
https://ukdemographics.co.uk/constituencies/harrow-east/,1,41,2.44%,16.2
https://ukdemographics.co.uk/constituencies/lewisham-north/,1,38,2.63%,9.32
https://ukdemographics.co.uk/constituencies/caithness-sutherland-and-easter-ross/,1,38,2.63%,11.84
https://ukdemographics.co.uk/constituencies/wirral-west/,1,32,3.12%,27.94
https://ukdemographics.co.uk/constituencies/bolton-north-east/,1,30,3.33%,21.17
https://ukdemographics.co.uk/constituencies/bristol-north-east/,1,28,3.57%,7.61
https://ukdemographics.co.uk/constituencies/south-derbyshire/,1,25,4%,21.24
https://ukdemographics.co.uk/constituencies/north-east-hertfordshire/,1,24,4.17%,14.96
https://ukdemographics.co.uk/constituencies/wolverhampton-north-east/,1,23,4.35%,15.61
https://ukdemographics.co.uk/constituencies/queens-park-and-maida-vale/,1,21,4.76%,6.86
https://ukdemographics.co.uk/housing/,1,21,4.76%,10.62
https://ukdemographics.co.uk/constituencies/sunderland-central/,1,21,4.76%,16.05
https://ukdemographics.co.uk/constituencies/southampton-itchen/,1,20,5%,22.25
https://ukdemographics.co.uk/constituencies/liverpool-riverside/,1,19,5.26%,6.21
https://ukdemographics.co.uk/constituencies/north-ayrshire-and-arran/,1,19,5.26%,18.37
https://ukdemographics.co.uk/constituencies/worthing-west/,1,19,5.26%,29.53
https://ukdemographics.co.uk/constituencies/stratford-and-bow/,1,18,5.56%,8.39
https://ukdemographics.co.uk/constituencies/derby-north/,1,18,5.56%,15.83
https://ukdemographics.co.uk/constituencies/aldridge-brownhills/,1,17,5.88%,16
https://ukdemographics.co.uk/constituencies/birmingham-hall-green-and-moseley/,1,16,6.25%,6.5
https://ukdemographics.co.uk/constituencies/ashford/,1,16,6.25%,9.94
https://ukdemographics.co.uk/places/westmorland-and-furness/,1,14,7.14%,5.64
https://ukdemographics.co.uk/constituencies/tatton/,1,13,7.69%,9.31
https://ukdemographics.co.uk/constituencies/cowdenbeath-and-kirkcaldy/,1,13,7.69%,10.77
https://ukdemographics.co.uk/constituencies/gravesham/,1,13,7.69%,11.46
https://ukdemographics.co.uk/constituencies/south-leicestershire/,1,12,8.33%,19
https://ukdemographics.co.uk/constituencies/meriden-and-solihull-east/,1,10,10%,13.9
https://ukdemographics.co.uk/constituencies/kenilworth-and-southam/,1,9,11.11%,6.78
https://ukdemographics.co.uk/constituencies/poole/,1,3,33.33%,4.33
https://ukdemographics.co.uk/constituencies/chesterfield/,1,3,33.33%,5.67
https://ukdemographics.co.uk/constituencies/bolsover/,1,3,33.33%,9
https://ukdemographics.co.uk/constituencies/west-worcestershire/,1,1,100%,2
https://ukdemographics.co.uk/migration/,0,1240,0%,23.4
https://ukdemographics.co.uk/constituencies/macclesfield/,0,801,0%,10.41
https://ukdemographics.co.uk/places/regions/wales/,0,696,0%,9.69
https://ukdemographics.co.uk/places/epping-forest/,0,615,0%,7.6
https://ukdemographics.co.uk/places/rugby/,0,597,0%,7.65
https://ukdemographics.co.uk/places/calderdale/,0,547,0%,8.52
https://ukdemographics.co.uk/constituencies/lichfield/,0,528,0%,14.59
https://ukdemographics.co.uk/places/rossendale/,0,518,0%,9.03
https://ukdemographics.co.uk/places/regions/east-midlands/,0,500,0%,8.61
https://ukdemographics.co.uk/places/regions/east-of-england/,0,474,0%,10.33
https://ukdemographics.co.uk/places/havant/,0,428,0%,7.79
https://ukdemographics.co.uk/constituencies/great-grimsby-and-cleethorpes/,0,405,0%,7.74
https://ukdemographics.co.uk/places/isles-of-scilly/,0,405,0%,8.79
https://ukdemographics.co.uk/constituencies/bath/,0,403,0%,10.97
https://ukdemographics.co.uk/constituencies/tamworth/,0,394,0%,11.84
https://ukdemographics.co.uk/places/south-cambridgeshire/,0,392,0%,8.16
https://ukdemographics.co.uk/places/regions/london/,0,373,0%,16.13
https://ukdemographics.co.uk/constituencies/maidenhead/,0,368,0%,12.34
https://ukdemographics.co.uk/constituencies/sutton-coldfield/,0,364,0%,8.93
https://ukdemographics.co.uk/constituencies/dorking-and-horley/,0,361,0%,8.93
https://ukdemographics.co.uk/constituencies/leigh-and-atherton/,0,336,0%,8.37
https://ukdemographics.co.uk/constituencies/faversham-and-mid-kent/,0,326,0%,9.38
https://ukdemographics.co.uk/places/regions/yorkshire-and-the-humber/,0,315,0%,12.83
https://ukdemographics.co.uk/places/mid-sussex/,0,306,0%,9.31
https://ukdemographics.co.uk/constituencies/mid-bedfordshire/,0,306,0%,18.22
https://ukdemographics.co.uk/constituencies/altrincham-and-sale-west/,0,294,0%,9.97
https://ukdemographics.co.uk/constituencies/beaconsfield/,0,288,0%,9.33
https://ukdemographics.co.uk/constituencies/rotherham/,0,259,0%,19.02
https://ukdemographics.co.uk/places/erewash/,0,255,0%,10.2
https://ukdemographics.co.uk/constituencies/rochdale/,0,254,0%,20.17
https://ukdemographics.co.uk/places/west-devon/,0,252,0%,10.95
https://ukdemographics.co.uk/places/south-kesteven/,0,247,0%,7.17
https://ukdemographics.co.uk/places/melton/,0,240,0%,6.89
https://ukdemographics.co.uk/places/huntingdonshire/,0,238,0%,9.23
https://ukdemographics.co.uk/constituencies/birkenhead/,0,235,0%,8.8
https://ukdemographics.co.uk/constituencies/redditch/,0,235,0%,21.84
https://ukdemographics.co.uk/constituencies/liverpool-walton/,0,232,0%,7.87
https://ukdemographics.co.uk/places/hart/,0,228,0%,7.77
https://ukdemographics.co.uk/constituencies/harlow/,0,228,0%,17.61
https://ukdemographics.co.uk/constituencies/scunthorpe/,0,224,0%,9.72
https://ukdemographics.co.uk/places/high-peak/,0,211,0%,8.13
https://ukdemographics.co.uk/constituencies/huddersfield/,0,209,0%,13.64
https://ukdemographics.co.uk/places/south-ribble/,0,201,0%,8.78
https://ukdemographics.co.uk/constituencies/south-west-devon/,0,201,0%,16.67
https://ukdemographics.co.uk/constituencies/nuneaton/,0,197,0%,7.53
https://ukdemographics.co.uk/sources/,0,193,0%,24.55
https://ukdemographics.co.uk/constituencies/daventry/,0,190,0%,9.54
https://ukdemographics.co.uk/constituencies/newton-aycliffe-and-spennymoor/,0,188,0%,8.35
https://ukdemographics.co.uk/places/north-hertfordshire/,0,186,0%,4.28
https://ukdemographics.co.uk/constituencies/dewsbury-and-batley/,0,186,0%,9.52
https://ukdemographics.co.uk/constituencies/bermondsey-and-old-southwark/,0,185,0%,7.91
https://ukdemographics.co.uk/constituencies/stoke-on-trent-central/,0,183,0%,5.85
https://ukdemographics.co.uk/constituencies/wrexham/,0,182,0%,16.21
https://ukdemographics.co.uk/constituencies/windsor/,0,181,0%,9.6
https://ukdemographics.co.uk/constituencies/stockton-north/,0,180,0%,19.77
https://ukdemographics.co.uk/places/broxtowe/,0,179,0%,7.64
https://ukdemographics.co.uk/constituencies/tewkesbury/,0,179,0%,19
https://ukdemographics.co.uk/constituencies/taunton-and-wellington/,0,176,0%,11.41
https://ukdemographics.co.uk/constituencies/islington-north/,0,175,0%,13.41
https://ukdemographics.co.uk/places/west-lindsey/,0,174,0%,10.11
https://ukdemographics.co.uk/constituencies/louth-and-horncastle/,0,174,0%,13.52
https://ukdemographics.co.uk/places/central-bedfordshire/,0,168,0%,10.23
https://ukdemographics.co.uk/constituencies/smethwick/,0,162,0%,7.73
https://ukdemographics.co.uk/constituencies/didcot-and-wantage/,0,162,0%,10.31
https://ukdemographics.co.uk/constituencies/south-shields/,0,162,0%,10.43
https://ukdemographics.co.uk/constituencies/east-grinstead-and-uckfield/,0,160,0%,9.57
https://ukdemographics.co.uk/places/dacorum/,0,158,0%,9.3
https://ukdemographics.co.uk/constituencies/exmouth-and-exeter-east/,0,156,0%,8.72
https://ukdemographics.co.uk/constituencies/warwick-and-leamington/,0,155,0%,11.21
https://ukdemographics.co.uk/constituencies/frome-and-east-somerset/,0,154,0%,10.91
https://ukdemographics.co.uk/places/gedling/,0,150,0%,6.97
https://ukdemographics.co.uk/constituencies/hackney-south-and-shoreditch/,0,149,0%,7.89
https://ukdemographics.co.uk/constituencies/wycombe/,0,145,0%,7.96
https://ukdemographics.co.uk/constituencies/vale-of-glamorgan/,0,143,0%,17.75
https://ukdemographics.co.uk/constituencies/gosport/,0,143,0%,19.24
https://ukdemographics.co.uk/constituencies/colchester/,0,142,0%,18.61
https://ukdemographics.co.uk/constituencies/tunbridge-wells/,0,138,0%,20.9
https://ukdemographics.co.uk/constituencies/hexham/,0,137,0%,8.36
https://ukdemographics.co.uk/constituencies/maidstone-and-malling/,0,137,0%,11.69
https://ukdemographics.co.uk/places/test-valley/,0,136,0%,8.93
https://ukdemographics.co.uk/constituencies/stretford-and-urmston/,0,135,0%,8.61
https://ukdemographics.co.uk/places/adur/,0,133,0%,6.85
https://ukdemographics.co.uk/constituencies/cardiff-west/,0,133,0%,20.55
https://ukdemographics.co.uk/constituencies/brighton-kemptown-and-peacehaven/,0,132,0%,7.37
https://ukdemographics.co.uk/constituencies/north-west-leicestershire/,0,130,0%,19.98
https://ukdemographics.co.uk/constituencies/bristol-north-west/,0,130,0%,20.2
https://ukdemographics.co.uk/places/south-holland/,0,129,0%,10.95
https://ukdemographics.co.uk/constituencies/rugby/,0,128,0%,10.29
https://ukdemographics.co.uk/constituencies/st-austell-and-newquay/,0,127,0%,8.47
https://ukdemographics.co.uk/places/torridge/,0,127,0%,8.94
https://ukdemographics.co.uk/constituencies/wythenshawe-and-sale-east/,0,127,0%,10.26
https://ukdemographics.co.uk/constituencies/south-west-norfolk/,0,126,0%,12.6
https://ukdemographics.co.uk/constituencies/buckingham-and-bletchley/,0,123,0%,11.57
https://ukdemographics.co.uk/places/gravesham/,0,121,0%,7.64
https://ukdemographics.co.uk/constituencies/stratford-on-avon/,0,120,0%,16.26
https://ukdemographics.co.uk/places/east-hampshire/,0,119,0%,7.96
https://ukdemographics.co.uk/places/uttlesford/,0,118,0%,7.97
https://ukdemographics.co.uk/constituencies/east-surrey/,0,118,0%,13.56
https://ukdemographics.co.uk/constituencies/west-lancashire/,0,115,0%,17.72
https://ukdemographics.co.uk/constituencies/erewash/,0,115,0%,19.83
https://ukdemographics.co.uk/constituencies/hartlepool/,0,114,0%,22.73
https://ukdemographics.co.uk/constituencies/rutland-and-stamford/,0,111,0%,10.05
https://ukdemographics.co.uk/constituencies/wyre-forest/,0,111,0%,14.78
https://ukdemographics.co.uk/constituencies/ashfield/,0,111,0%,18.32
https://ukdemographics.co.uk/constituencies/mid-norfolk/,0,109,0%,12.31
https://ukdemographics.co.uk/constituencies/south-cambridgeshire/,0,108,0%,24.2
https://ukdemographics.co.uk/constituencies/staffordshire-moorlands/,0,107,0%,17.16
https://ukdemographics.co.uk/constituencies/darlington/,0,107,0%,19.49
https://ukdemographics.co.uk/places/new-forest/,0,104,0%,6.17
https://ukdemographics.co.uk/constituencies/west-suffolk/,0,104,0%,14.18
https://ukdemographics.co.uk/places/breckland/,0,103,0%,6.67
https://ukdemographics.co.uk/constituencies/kingston-upon-hull-east/,0,103,0%,14.82
https://ukdemographics.co.uk/constituencies/redcar/,0,101,0%,5.49
https://ukdemographics.co.uk/constituencies/pontefract-castleford-and-knottingley/,0,100,0%,9.29
https://ukdemographics.co.uk/constituencies/selby/,0,100,0%,14.21
https://ukdemographics.co.uk/constituencies/winchester/,0,98,0%,19.31
https://ukdemographics.co.uk/places/mid-devon/,0,97,0%,6.02
https://ukdemographics.co.uk/constituencies/wallasey/,0,95,0%,7.84
https://ukdemographics.co.uk/constituencies/mansfield/,0,95,0%,18.86
https://ukdemographics.co.uk/constituencies/cardiff-south-and-penarth/,0,95,0%,20.35
https://ukdemographics.co.uk/places/waverley/,0,93,0%,8.04
https://ukdemographics.co.uk/constituencies/glenrothes-and-mid-fife/,0,93,0%,11.92
https://ukdemographics.co.uk/constituencies/sheffield-brightside-and-hillsborough/,0,92,0%,7.14
https://ukdemographics.co.uk/places/north-warwickshire/,0,92,0%,8.72
https://ukdemographics.co.uk/constituencies/south-basildon-and-east-thurrock/,0,92,0%,14.15
https://ukdemographics.co.uk/constituencies/keighley-and-ilkley/,0,91,0%,7.62
https://ukdemographics.co.uk/constituencies/leeds-north-west/,0,91,0%,16.43
https://ukdemographics.co.uk/constituencies/birmingham-selly-oak/,0,90,0%,9.22
https://ukdemographics.co.uk/constituencies/christchurch/,0,90,0%,10.04
https://ukdemographics.co.uk/constituencies/corby-and-east-northamptonshire/,0,90,0%,12.74
https://ukdemographics.co.uk/constituencies/surrey-heath/,0,90,0%,19.94
https://ukdemographics.co.uk/constituencies/uxbridge-and-south-ruislip/,0,89,0%,19.93
https://ukdemographics.co.uk/constituencies/chester-south-and-eddisbury/,0,88,0%,10.7
https://ukdemographics.co.uk/constituencies/blackpool-north-and-fleetwood/,0,86,0%,8.28
https://ukdemographics.co.uk/constituencies/harrogate-and-knaresborough/,0,86,0%,8.83
https://ukdemographics.co.uk/constituencies/cramlington-and-killingworth/,0,84,0%,7.54
https://ukdemographics.co.uk/constituencies/braintree/,0,83,0%,17.11
https://ukdemographics.co.uk/constituencies/north-norfolk/,0,83,0%,25.93
https://ukdemographics.co.uk/constituencies/sutton-and-cheam/,0,82,0%,14.3
https://ukdemographics.co.uk/constituencies/woking/,0,82,0%,20.9
https://ukdemographics.co.uk/places/mole-valley/,0,81,0%,7.58
https://ukdemographics.co.uk/constituencies/maldon/,0,81,0%,22.94
https://ukdemographics.co.uk/constituencies/north-west-cambridgeshire/,0,80,0%,5.66
https://ukdemographics.co.uk/constituencies/cheadle/,0,79,0%,8.04
https://ukdemographics.co.uk/constituencies/birmingham-ladywood/,0,76,0%,11.64
https://ukdemographics.co.uk/constituencies/worcester/,0,76,0%,15.47
https://ukdemographics.co.uk/findings/asc-spend-demographic-change/,0,75,0%,5.48
https://ukdemographics.co.uk/constituencies/west-dorset/,0,75,0%,9.95
https://ukdemographics.co.uk/constituencies/chichester/,0,75,0%,15.35
https://ukdemographics.co.uk/constituencies/north-east-derbyshire/,0,75,0%,17.01
https://ukdemographics.co.uk/constituencies/cambridge/,0,74,0%,36.27
https://ukdemographics.co.uk/constituencies/kingswinford-and-south-staffordshire/,0,73,0%,12.45
https://ukdemographics.co.uk/constituencies/thirsk-and-malton/,0,73,0%,13.92
https://ukdemographics.co.uk/constituencies/north-devon/,0,73,0%,18.68
https://ukdemographics.co.uk/constituencies/mitcham-and-morden/,0,72,0%,7.22
https://ukdemographics.co.uk/constituencies/grantham-and-bourne/,0,72,0%,8.86
https://ukdemographics.co.uk/constituencies/congleton/,0,71,0%,7.15
https://ukdemographics.co.uk/constituencies/dagenham-and-rainham/,0,71,0%,10.27
https://ukdemographics.co.uk/constituencies/norwich-south/,0,71,0%,17.54
https://ukdemographics.co.uk/constituencies/york-outer/,0,70,0%,12.6
https://ukdemographics.co.uk/constituencies/truro-and-falmouth/,0,69,0%,12.07
https://ukdemographics.co.uk/constituencies/south-west-hertfordshire/,0,69,0%,14.81
https://ukdemographics.co.uk/constituencies/finchley-and-golders-green/,0,68,0%,12.68
https://ukdemographics.co.uk/constituencies/north-durham/,0,68,0%,15.31
https://ukdemographics.co.uk/constituencies/bromsgrove/,0,67,0%,17.3
https://ukdemographics.co.uk/constituencies/preston/,0,67,0%,18.82
https://ukdemographics.co.uk/constituencies/caerphilly/,0,67,0%,22.3
https://ukdemographics.co.uk/places/east-staffordshire/,0,66,0%,7.29
https://ukdemographics.co.uk/constituencies/barking/,0,66,0%,10.48
https://ukdemographics.co.uk/places/fenland/,0,65,0%,7.92
https://ukdemographics.co.uk/constituencies/ealing-central-and-acton/,0,64,0%,9.27
https://ukdemographics.co.uk/constituencies/henley-and-thame/,0,64,0%,14
https://ukdemographics.co.uk/constituencies/dulwich-and-west-norwood/,0,63,0%,8.73
https://ukdemographics.co.uk/constituencies/kingston-upon-hull-west-and-haltemprice/,0,62,0%,7.84
https://ukdemographics.co.uk/constituencies/plymouth-moor-view/,0,62,0%,12.4
https://ukdemographics.co.uk/constituencies/fylde/,0,62,0%,22.08
https://ukdemographics.co.uk/constituencies/hammersmith-and-chiswick/,0,61,0%,6.69
https://ukdemographics.co.uk/places/surrey-heath/,0,61,0%,8.87
https://ukdemographics.co.uk/constituencies/penistone-and-stocksbridge/,0,61,0%,8.97
https://ukdemographics.co.uk/constituencies/beckenham-and-penge/,0,61,0%,9.26
https://ukdemographics.co.uk/constituencies/north-somerset/,0,61,0%,18.49
https://ukdemographics.co.uk/constituencies/bexhill-and-battle/,0,60,0%,10.07
https://ukdemographics.co.uk/constituencies/stalybridge-and-hyde/,0,59,0%,9.41
https://ukdemographics.co.uk/constituencies/stafford/,0,59,0%,10.36
https://ukdemographics.co.uk/constituencies/tonbridge/,0,59,0%,13.9
https://ukdemographics.co.uk/constituencies/blaydon-and-consett/,0,58,0%,12.69
https://ukdemographics.co.uk/constituencies/edinburgh-west/,0,58,0%,13.74
https://ukdemographics.co.uk/constituencies/bridgend/,0,58,0%,20.4
https://ukdemographics.co.uk/constituencies/stoke-on-trent-north/,0,57,0%,10.05
https://ukdemographics.co.uk/constituencies/leeds-central-and-headingley/,0,57,0%,10.56
https://ukdemographics.co.uk/constituencies/brighton-pavilion/,0,56,0%,8.11
https://ukdemographics.co.uk/constituencies/plymouth-sutton-and-devonport/,0,56,0%,8.5
https://ukdemographics.co.uk/constituencies/glastonbury-and-somerton/,0,56,0%,9.54
https://ukdemographics.co.uk/constituencies/tipton-and-wednesbury/,0,56,0%,10.41
https://ukdemographics.co.uk/constituencies/bristol-east/,0,56,0%,18.21
https://ukdemographics.co.uk/constituencies/doncaster-east-and-the-isle-of-axholme/,0,55,0%,7.73
https://ukdemographics.co.uk/constituencies/streatham-and-croydon-north/,0,55,0%,9.15
https://ukdemographics.co.uk/constituencies/bexleyheath-and-crayford/,0,55,0%,9.47
https://ukdemographics.co.uk/constituencies/nottingham-north-and-kimberley/,0,55,0%,11.98
https://ukdemographics.co.uk/constituencies/mid-derbyshire/,0,55,0%,13.45
https://ukdemographics.co.uk/constituencies/salford/,0,54,0%,16.81
https://ukdemographics.co.uk/constituencies/torfaen/,0,53,0%,18.32
https://ukdemographics.co.uk/constituencies/blyth-and-ashington/,0,51,0%,9.88
https://ukdemographics.co.uk/constituencies/rhondda-and-ogmore/,0,50,0%,3.48
https://ukdemographics.co.uk/constituencies/old-bexley-and-sidcup/,0,49,0%,6.18
https://ukdemographics.co.uk/constituencies/bridlington-and-the-wolds/,0,49,0%,8.82
https://ukdemographics.co.uk/constituencies/basildon-and-billericay/,0,49,0%,10.67
https://ukdemographics.co.uk/constituencies/central-devon/,0,48,0%,9.94
https://ukdemographics.co.uk/constituencies/jarrow-and-gateshead-east/,0,48,0%,10.17
https://ukdemographics.co.uk/constituencies/bangor-aberconwy/,0,48,0%,10.33
https://ukdemographics.co.uk/constituencies/bracknell/,0,48,0%,14.71
https://ukdemographics.co.uk/constituencies/arundel-and-south-downs/,0,48,0%,15.83
https://ukdemographics.co.uk/constituencies/sittingbourne-and-sheppey/,0,47,0%,9.04
https://ukdemographics.co.uk/constituencies/inverness-skye-and-west-ross-shire/,0,47,0%,12.28
https://ukdemographics.co.uk/constituencies/nottingham-east/,0,46,0%,23.59
https://ukdemographics.co.uk/constituencies/stourbridge/,0,45,0%,7.71
https://ukdemographics.co.uk/constituencies/richmond-park/,0,45,0%,11.69
https://ukdemographics.co.uk/constituencies/chester-north-and-neston/,0,45,0%,13.96
https://ukdemographics.co.uk/constituencies/east-ham/,0,44,0%,8.64
https://ukdemographics.co.uk/constituencies/ayr-carrick-and-cumnock/,0,44,0%,16.73
https://ukdemographics.co.uk/constituencies/hertsmere/,0,44,0%,24.61
https://ukdemographics.co.uk/constituencies/blaenau-gwent-and-rhymney/,0,42,0%,7.24
https://ukdemographics.co.uk/constituencies/bootle/,0,42,0%,8.64
https://ukdemographics.co.uk/constituencies/bournemouth-east/,0,42,0%,9.57
https://ukdemographics.co.uk/constituencies/mid-buckinghamshire/,0,41,0%,7.34
https://ukdemographics.co.uk/constituencies/blackpool-south/,0,41,0%,10.34
https://ukdemographics.co.uk/constituencies/hove-and-portslade/,0,40,0%,8.82
https://ukdemographics.co.uk/constituencies/north-east-somerset-and-hanham/,0,40,0%,17.48
https://ukdemographics.co.uk/constituencies/amber-valley/,0,40,0%,19.55
https://ukdemographics.co.uk/constituencies/nottingham-south/,0,39,0%,7.87
https://ukdemographics.co.uk/constituencies/honiton-and-sidmouth/,0,39,0%,8.15
https://ukdemographics.co.uk/constituencies/suffolk-coastal/,0,38,0%,8.11
https://ukdemographics.co.uk/constituencies/york-central/,0,38,0%,9.61
https://ukdemographics.co.uk/constituencies/chelmsford/,0,38,0%,11.5
https://ukdemographics.co.uk/findings/send-demand-demographic-areas/,0,38,0%,12.08
https://ukdemographics.co.uk/constituencies/mid-leicestershire/,0,37,0%,3.73
https://ukdemographics.co.uk/places/cherwell/,0,37,0%,6.24
https://ukdemographics.co.uk/constituencies/southampton-test/,0,37,0%,26.89
https://ukdemographics.co.uk/constituencies/coventry-north-west/,0,36,0%,8.25
https://ukdemographics.co.uk/constituencies/brent-east/,0,36,0%,9.58
https://ukdemographics.co.uk/constituencies/ruislip-northwood-and-pinner/,0,36,0%,11.28
https://ukdemographics.co.uk/constituencies/south-east-cornwall/,0,36,0%,14.72
https://ukdemographics.co.uk/constituencies/colne-valley/,0,36,0%,25.17
https://ukdemographics.co.uk/constituencies/bromley-and-biggin-hill/,0,35,0%,3.37
https://ukdemographics.co.uk/places/vale-of-glamorgan/,0,35,0%,5.11
https://ukdemographics.co.uk/constituencies/sheffield-south-east/,0,35,0%,7.6
https://ukdemographics.co.uk/constituencies/bradford-east/,0,35,0%,13.74
https://ukdemographics.co.uk/constituencies/coventry-east/,0,34,0%,6.18
https://ukdemographics.co.uk/constituencies/glasgow-north-east/,0,34,0%,6.56
https://ukdemographics.co.uk/places/blaby/,0,34,0%,7.32
https://ukdemographics.co.uk/constituencies/rochester-and-strood/,0,34,0%,9.26
https://ukdemographics.co.uk/constituencies/croydon-east/,0,34,0%,10.35
https://ukdemographics.co.uk/constituencies/tynemouth/,0,34,0%,11.74
https://ukdemographics.co.uk/constituencies/croydon-west/,0,33,0%,8.3
https://ukdemographics.co.uk/constituencies/hampstead-and-highgate/,0,33,0%,8.42
https://ukdemographics.co.uk/constituencies/edinburgh-north-and-leith/,0,33,0%,20.09
https://ukdemographics.co.uk/constituencies/newcastle-upon-tyne-central-and-west/,0,33,0%,23.73
https://ukdemographics.co.uk/constituencies/north-cornwall/,0,32,0%,7.88
https://ukdemographics.co.uk/constituencies/sheffield-central/,0,32,0%,11.5
https://ukdemographics.co.uk/constituencies/reigate/,0,31,0%,9.19
https://ukdemographics.co.uk/constituencies/blackley-and-middleton-south/,0,31,0%,9.42
https://ukdemographics.co.uk/constituencies/vauxhall-and-camberwell-green/,0,31,0%,12.19
https://ukdemographics.co.uk/constituencies/leeds-east/,0,31,0%,16.32
https://ukdemographics.co.uk/constituencies/sevenoaks/,0,31,0%,17
https://ukdemographics.co.uk/constituencies/birmingham-erdington/,0,29,0%,7.14
https://ukdemographics.co.uk/places/mid-suffolk/,0,29,0%,8.1
https://ukdemographics.co.uk/constituencies/melksham-and-devizes/,0,29,0%,8.55
https://ukdemographics.co.uk/constituencies/alyn-and-deeside/,0,29,0%,10.76
https://ukdemographics.co.uk/constituencies/wellingborough-and-rushden/,0,29,0%,10.79
https://ukdemographics.co.uk/glossary/,0,29,0%,11.21
https://ukdemographics.co.uk/constituencies/bolton-west/,0,29,0%,19.21
https://ukdemographics.co.uk/constituencies/north-bedfordshire/,0,29,0%,20.03
https://ukdemographics.co.uk/constituencies/central-suffolk-and-north-ipswich/,0,28,0%,7.25
https://ukdemographics.co.uk/constituencies/eltham-and-chislehurst/,0,28,0%,10.75
https://ukdemographics.co.uk/constituencies/newcastle-upon-tyne-east-and-wallsend/,0,28,0%,11.18
https://ukdemographics.co.uk/constituencies/edinburgh-east-and-musselburgh/,0,28,0%,14.14
https://ukdemographics.co.uk/constituencies/guildford/,0,28,0%,14.68
https://ukdemographics.co.uk/constituencies/bury-south/,0,28,0%,15.32
https://ukdemographics.co.uk/constituencies/islington-south-and-finsbury/,0,28,0%,15.75
https://ukdemographics.co.uk/constituencies/reading-west-and-mid-berkshire/,0,28,0%,23.36
https://ukdemographics.co.uk/constituencies/chipping-barnet/,0,27,0%,6.41
https://ukdemographics.co.uk/constituencies/middlesbrough-and-thornaby-east/,0,27,0%,6.85
https://ukdemographics.co.uk/findings/shift-share-what-drives-change/,0,27,0%,8.04
https://ukdemographics.co.uk/places/wychavon/,0,27,0%,8.89
https://ukdemographics.co.uk/constituencies/eastleigh/,0,27,0%,14.3
https://ukdemographics.co.uk/constituencies/eastbourne/,0,27,0%,14.96
https://ukdemographics.co.uk/constituencies/gower/,0,27,0%,15.89
https://ukdemographics.co.uk/constituencies/glasgow-north/,0,27,0%,26.3
https://ukdemographics.co.uk/places/south-staffordshire/,0,26,0%,6.58
https://ukdemographics.co.uk/constituencies/washington-and-gateshead-south/,0,26,0%,8.35
https://ukdemographics.co.uk/constituencies/aldershot/,0,26,0%,8.38
https://ukdemographics.co.uk/constituencies/edmonton-and-winchmore-hill/,0,26,0%,9.04
https://ukdemographics.co.uk/constituencies/havant/,0,26,0%,17.35
https://ukdemographics.co.uk/privacy/,0,25,0%,4.44
https://ukdemographics.co.uk/constituencies/bathgate-and-linlithgow/,0,25,0%,7.88
https://ukdemographics.co.uk/constituencies/harwich-and-north-essex/,0,25,0%,8.92
https://ukdemographics.co.uk/constituencies/bedford/,0,25,0%,9.36
https://ukdemographics.co.uk/constituencies/bradford-west/,0,25,0%,10.88
https://ukdemographics.co.uk/constituencies/spen-valley/,0,25,0%,11.52
https://ukdemographics.co.uk/constituencies/salisbury/,0,24,0%,7.5
https://ukdemographics.co.uk/constituencies/thornbury-and-yate/,0,24,0%,9.33
https://ukdemographics.co.uk/constituencies/stone-great-wyrley-and-penkridge/,0,24,0%,11.88
https://ukdemographics.co.uk/constituencies/glasgow-south/,0,24,0%,19.04
https://ukdemographics.co.uk/pressure/,0,23,0%,5.13
https://ukdemographics.co.uk/findings/euss-7-3-million/,0,23,0%,5.87
https://ukdemographics.co.uk/constituencies/rayleigh-and-wickford/,0,23,0%,11.35
https://ukdemographics.co.uk/constituencies/lewisham-west-and-east-dulwich/,0,23,0%,14.57
https://ukdemographics.co.uk/constituencies/perth-and-kinross-shire/,0,23,0%,16
https://ukdemographics.co.uk/constituencies/milton-keynes-north/,0,23,0%,18
https://ukdemographics.co.uk/constituencies/the-wrekin/,0,22,0%,8.95
https://ukdemographics.co.uk/constituencies/enfield-north/,0,22,0%,15.36
https://ukdemographics.co.uk/terms/,0,22,0%,15.77
https://ukdemographics.co.uk/constituencies/kensington-and-bayswater/,0,22,0%,17.27
https://ukdemographics.co.uk/constituencies/blackburn/,0,22,0%,22.41
https://ukdemographics.co.uk/constituencies/lincoln/,0,22,0%,24.05
https://ukdemographics.co.uk/constituencies/north-east-fife/,0,22,0%,24.45
https://ukdemographics.co.uk/constituencies/solihull-west-and-shirley/,0,21,0%,6.81
https://ukdemographics.co.uk/constituencies/birmingham-northfield/,0,21,0%,11.14
https://ukdemographics.co.uk/constituencies/reading-central/,0,21,0%,12.1
https://ukdemographics.co.uk/constituencies/stevenage/,0,21,0%,13.67
https://ukdemographics.co.uk/constituencies/south-cotswolds/,0,21,0%,14.43
https://ukdemographics.co.uk/constituencies/peterborough/,0,21,0%,16.48
https://ukdemographics.co.uk/constituencies/bradford-south/,0,21,0%,16.81
https://ukdemographics.co.uk/constituencies/leicester-south/,0,20,0%,9.55
https://ukdemographics.co.uk/constituencies/wolverhampton-south-east/,0,20,0%,11.9
https://ukdemographics.co.uk/constituencies/south-suffolk/,0,20,0%,12
https://ukdemographics.co.uk/constituencies/south-holland-and-the-deepings/,0,20,0%,15.4
https://ukdemographics.co.uk/constituencies/south-ribble/,0,20,0%,23.8
https://ukdemographics.co.uk/places/east-cambridgeshire/,0,19,0%,5.47
https://ukdemographics.co.uk/constituencies/alloa-and-grangemouth/,0,19,0%,8.26
https://ukdemographics.co.uk/constituencies/leeds-south/,0,19,0%,9.95
https://ukdemographics.co.uk/constituencies/north-west-norfolk/,0,19,0%,13.53
https://ukdemographics.co.uk/constituencies/gillingham-and-rainham/,0,18,0%,8.78
https://ukdemographics.co.uk/constituencies/wetherby-and-easingwold/,0,18,0%,10.61
https://ukdemographics.co.uk/constituencies/kettering/,0,18,0%,12.67
https://ukdemographics.co.uk/constituencies/dartford/,0,17,0%,6
https://ukdemographics.co.uk/constituencies/droitwich-and-evesham/,0,17,0%,6
https://ukdemographics.co.uk/constituencies/halesowen/,0,17,0%,6.88
https://ukdemographics.co.uk/constituencies/gainsborough/,0,17,0%,7.82
https://ukdemographics.co.uk/constituencies/kilmarnock-and-loudoun/,0,17,0%,10.94
https://ukdemographics.co.uk/constituencies/new-forest-west/,0,17,0%,18.53
https://ukdemographics.co.uk/constituencies/dundee-central/,0,16,0%,5.5
https://ukdemographics.co.uk/constituencies/north-dorset/,0,16,0%,7.31
https://ukdemographics.co.uk/constituencies/oldham-west-chadderton-and-royton/,0,16,0%,7.38
https://ukdemographics.co.uk/constituencies/ossett-and-denby-dale/,0,16,0%,8.94
https://ukdemographics.co.uk/constituencies/sefton-central/,0,16,0%,12.44
https://ukdemographics.co.uk/constituencies/st-albans/,0,16,0%,14.81
https://ukdemographics.co.uk/constituencies/stockton-west/,0,16,0%,18.69
https://ukdemographics.co.uk/constituencies/rushcliffe/,0,16,0%,18.75
https://ukdemographics.co.uk/constituencies/east-renfrewshire/,0,16,0%,21.06
https://ukdemographics.co.uk/constituencies/fareham-and-waterlooville/,0,15,0%,4.2
https://ukdemographics.co.uk/constituencies/kingston-and-surbiton/,0,15,0%,5.13
https://ukdemographics.co.uk/constituencies/lowestoft/,0,15,0%,7.53
https://ukdemographics.co.uk/constituencies/swansea-west/,0,15,0%,14.93
https://ukdemographics.co.uk/constituencies/runcorn-and-helsby/,0,14,0%,6.29
https://ukdemographics.co.uk/places/babergh/,0,14,0%,6.43
https://ukdemographics.co.uk/constituencies/stoke-on-trent-south/,0,14,0%,9.79
https://ukdemographics.co.uk/constituencies/paisley-and-renfrewshire-north/,0,14,0%,14.71
https://ukdemographics.co.uk/constituencies/clwyd-north/,0,14,0%,26
https://ukdemographics.co.uk/constituencies/great-yarmouth/,0,13,0%,6.38
https://ukdemographics.co.uk/constituencies/oxford-west-and-abingdon/,0,13,0%,6.85
https://ukdemographics.co.uk/constituencies/oldham-east-and-saddleworth/,0,13,0%,7.54
https://ukdemographics.co.uk/constituencies/rawmarsh-and-conisbrough/,0,13,0%,8
https://ukdemographics.co.uk/constituencies/carlisle/,0,13,0%,8.92
https://ukdemographics.co.uk/constituencies/derby-south/,0,13,0%,10.92
https://ukdemographics.co.uk/accessibility/,0,13,0%,12.85
https://ukdemographics.co.uk/constituencies/wolverhampton-west/,0,13,0%,16.92
https://ukdemographics.co.uk/constituencies/midlothian/,0,13,0%,20.46
https://ukdemographics.co.uk/places/malvern-hills/,0,12,0%,6.83
https://ukdemographics.co.uk/constituencies/richmond-and-northallerton/,0,12,0%,7.42
https://ukdemographics.co.uk/constituencies/clwyd-east/,0,12,0%,9.33
https://ukdemographics.co.uk/constituencies/aberdeen-south/,0,12,0%,23.58
https://ukdemographics.co.uk/constituencies/romsey-and-southampton-north/,0,11,0%,5.55
https://ukdemographics.co.uk/constituencies/berwickshire-roxburgh-and-selkirk/,0,11,0%,12
https://ukdemographics.co.uk/constituencies/sleaford-and-north-hykeham/,0,11,0%,13.91
https://ukdemographics.co.uk/constituencies/argyll-bute-and-south-lochaber/,0,11,0%,15.27
https://ukdemographics.co.uk/constituencies/falkirk/,0,11,0%,16.64
https://ukdemographics.co.uk/constituencies/aberdeen-north/,0,11,0%,17
https://ukdemographics.co.uk/constituencies/hamble-valley/,0,11,0%,19
https://ukdemographics.co.uk/constituencies/dumfriesshire-clydesdale-and-tweeddale/,0,11,0%,20.09
https://ukdemographics.co.uk/constituencies/ealing-north/,0,11,0%,24.82
https://ukdemographics.co.uk/findings/family-visa-29k-lockout/,0,10,0%,6.5
https://ukdemographics.co.uk/constituencies/isle-of-wight-east/,0,10,0%,6.7
https://ukdemographics.co.uk/constituencies/camborne-and-redruth/,0,10,0%,8.3
https://ukdemographics.co.uk/constituencies/hazel-grove/,0,10,0%,8.3
https://ukdemographics.co.uk/constituencies/barnsley-north/,0,10,0%,12.1
https://ukdemographics.co.uk/constituencies/brecon-radnor-and-cwm-tawe/,0,10,0%,12.3
https://ukdemographics.co.uk/constituencies/crawley/,0,10,0%,17.6
https://ukdemographics.co.uk/constituencies/edinburgh-south-west/,0,10,0%,31.9
https://ukdemographics.co.uk/places/richmond-upon-thames,0,9,0%,1
https://ukdemographics.co.uk/constituencies/bolton-south-and-walkden/,0,9,0%,3.89
https://ukdemographics.co.uk/places/broadland/,0,9,0%,5
https://ukdemographics.co.uk/constituencies/east-thanet/,0,9,0%,5.78
https://ukdemographics.co.uk/constituencies/pendle-and-clitheroe/,0,9,0%,6.78
https://ukdemographics.co.uk/constituencies/watford/,0,9,0%,7.44
https://ukdemographics.co.uk/constituencies/birmingham-perry-barr/,0,9,0%,8.67
https://ukdemographics.co.uk/constituencies/ely-and-east-cambridgeshire/,0,9,0%,8.78
https://ukdemographics.co.uk/constituencies/feltham-and-heston/,0,9,0%,9.22
https://ukdemographics.co.uk/constituencies/hinckley-and-bosworth/,0,9,0%,16.67
https://ukdemographics.co.uk/constituencies/broadland-and-fakenham/,0,9,0%,17.11
https://ukdemographics.co.uk/constituencies/livingston/,0,9,0%,18.44
https://ukdemographics.co.uk/constituencies/north-east-cambridgeshire/,0,9,0%,23.33
https://ukdemographics.co.uk/constituencies/gordon-and-buchan/,0,9,0%,45.33
https://ukdemographics.co.uk/constituencies/na-h-eileanan-an-iar/,0,8,0%,4.88
https://ukdemographics.co.uk/constituencies/mid-dorset-and-north-poole/,0,8,0%,5.12
https://ukdemographics.co.uk/constituencies/wigan/,0,8,0%,5.12
https://ukdemographics.co.uk/constituencies/erith-and-thamesmead/,0,8,0%,6.12
https://ukdemographics.co.uk/constituencies/wimbledon/,0,8,0%,6.62
https://ukdemographics.co.uk/constituencies/ealing-southall/,0,8,0%,6.88
https://ukdemographics.co.uk/constituencies/bishop-auckland/,0,8,0%,7
https://ukdemographics.co.uk/constituencies/pontypridd/,0,8,0%,7.12
https://ukdemographics.co.uk/constituencies/croydon-south/,0,8,0%,7.5
https://ukdemographics.co.uk/constituencies/cannock-chase/,0,8,0%,8.5
https://ukdemographics.co.uk/constituencies/hemel-hempstead/,0,8,0%,9.25
https://ukdemographics.co.uk/constituencies/hayes-and-harlington/,0,8,0%,9.62
https://ukdemographics.co.uk/constituencies/slough/,0,8,0%,10.25
https://ukdemographics.co.uk/constituencies/dwyfor-meirionnydd/,0,8,0%,16.38
https://ukdemographics.co.uk/constituencies/harborough-oadby-and-wigston/,0,7,0%,2.29
https://ukdemographics.co.uk/places/rother/,0,7,0%,6.14
https://ukdemographics.co.uk/constituencies/harrow-west/,0,7,0%,6.86
https://ukdemographics.co.uk/places/shepway/,0,7,0%,7.29
https://ukdemographics.co.uk/constituencies/leyton-and-wanstead/,0,7,0%,9.71
https://ukdemographics.co.uk/constituencies/brent-west/,0,7,0%,9.86
https://ukdemographics.co.uk/constituencies/easington/,0,7,0%,11
https://ukdemographics.co.uk/constituencies/mid-dunbartonshire/,0,7,0%,12.57
https://ukdemographics.co.uk/constituencies/mid-and-south-pembrokeshire/,0,7,0%,13.86
https://ukdemographics.co.uk/constituencies/forest-of-dean/,0,7,0%,16
https://ukdemographics.co.uk/constituencies/north-herefordshire/,0,7,0%,17.43
https://ukdemographics.co.uk/constituencies/knowsley/,0,6,0%,4.67
https://ukdemographics.co.uk/constituencies/folkestone-and-hythe/,0,6,0%,4.83
https://ukdemographics.co.uk/constituencies/dunstable-and-leighton-buzzard/,0,6,0%,5.33
https://ukdemographics.co.uk/constituencies/liverpool-west-derby/,0,6,0%,5.83
https://ukdemographics.co.uk/constituencies/wells-and-mendip-hills/,0,6,0%,6.83
https://ukdemographics.co.uk/constituencies/chorley/,0,6,0%,7.17
https://ukdemographics.co.uk/constituencies/chatham-and-aylesford/,0,6,0%,9.67
https://ukdemographics.co.uk/constituencies/broxtowe/,0,6,0%,10.67
https://ukdemographics.co.uk/constituencies/monmouthshire/,0,6,0%,17.17
https://ukdemographics.co.uk/constituencies/south-northamptonshire/,0,6,0%,17.5
https://ukdemographics.co.uk/constituencies/orkney-and-shetland/,0,6,0%,18.83
https://ukdemographics.co.uk/constituencies/moray-west-nairn-and-strathspey/,0,6,0%,26.83
https://ukdemographics.co.uk/constituencies/west-dunbartonshire/,0,6,0%,32.83
https://ukdemographics.co.uk/constituencies/houghton-and-sunderland-south/,0,5,0%,4.8
https://ukdemographics.co.uk/constituencies/south-west-wiltshire/,0,5,0%,5.8
https://ukdemographics.co.uk/constituencies/milton-keynes-central/,0,5,0%,6
https://ukdemographics.co.uk/constituencies/north-northumberland/,0,5,0%,6.2
https://ukdemographics.co.uk/places/south-norfolk/,0,5,0%,6.4
https://ukdemographics.co.uk/constituencies/leicester-east/,0,5,0%,6.6
https://ukdemographics.co.uk/findings/working-and-not-working-by-passport/,0,5,0%,6.6
https://ukdemographics.co.uk/constituencies/melton-and-syston/,0,5,0%,7.6
https://ukdemographics.co.uk/constituencies/bassetlaw/,0,5,0%,8.2
https://ukdemographics.co.uk/constituencies/motherwell-wishaw-and-carluke/,0,5,0%,8.2
https://ukdemographics.co.uk/constituencies/north-warwickshire-and-bedworth/,0,5,0%,8.2
https://ukdemographics.co.uk/constituencies/hyndburn/,0,5,0%,8.8
https://ukdemographics.co.uk/constituencies/normanton-and-hemsworth/,0,5,0%,9
https://ukdemographics.co.uk/constituencies/heywood-and-middleton-north/,0,5,0%,10
https://ukdemographics.co.uk/constituencies/south-norfolk/,0,5,0%,11.2
https://ukdemographics.co.uk/constituencies/horsham/,0,5,0%,11.6
https://ukdemographics.co.uk/constituencies/west-aberdeenshire-and-kincardine/,0,5,0%,16.8
https://ukdemographics.co.uk/constituencies/weald-of-kent/,0,5,0%,20
https://ukdemographics.co.uk/constituencies/glasgow-east/,0,5,0%,21.6
https://ukdemographics.co.uk/constituencies/north-east-hampshire/,0,4,0%,4
https://ukdemographics.co.uk/constituencies/lancaster-and-wyre/,0,4,0%,4.5
https://ukdemographics.co.uk/constituencies/south-shropshire/,0,4,0%,4.75
https://ukdemographics.co.uk/constituencies/isle-of-wight-west/,0,4,0%,5.25
https://ukdemographics.co.uk/constituencies/mid-cheshire/,0,4,0%,5.25
https://ukdemographics.co.uk/findings/blackburn-minority-wb-2028/,0,4,0%,5.25
https://ukdemographics.co.uk/constituencies/chippenham/,0,4,0%,5.75
https://ukdemographics.co.uk/constituencies/portsmouth-south/,0,4,0%,5.75
https://ukdemographics.co.uk/constituencies/farnham-and-bordon/,0,4,0%,6.75
https://ukdemographics.co.uk/constituencies/walsall-and-bloxwich/,0,4,0%,6.75
https://ukdemographics.co.uk/constituencies/harpenden-and-berkhamsted/,0,4,0%,7
https://ukdemographics.co.uk/constituencies/welwyn-hatfield/,0,4,0%,7
https://ukdemographics.co.uk/constituencies/poplar-and-limehouse/,0,4,0%,7.5
https://ukdemographics.co.uk/constituencies/doncaster-central/,0,4,0%,8
https://ukdemographics.co.uk/constituencies/gloucester/,0,4,0%,8.25
https://ukdemographics.co.uk/constituencies/montgomeryshire-and-glyndwr/,0,4,0%,8.25
https://ukdemographics.co.uk/constituencies/merthyr-tydfil-and-aberdare/,0,4,0%,8.75
https://ukdemographics.co.uk/constituencies/widnes-and-halewood/,0,4,0%,8.75
https://ukdemographics.co.uk/constituencies/norwich-north/,0,4,0%,9
https://ukdemographics.co.uk/constituencies/runnymede-and-weybridge/,0,4,0%,10.75
https://ukdemographics.co.uk/constituencies/st-helens-south-and-whiston/,0,4,0%,11
https://ukdemographics.co.uk/constituencies/waveney-valley/,0,4,0%,13.25
https://ukdemographics.co.uk/constituencies/angus-and-perthshire-glens/,0,4,0%,15.25
https://ukdemographics.co.uk/constituencies/edinburgh-south/,0,4,0%,21.25
https://ukdemographics.co.uk/constituencies/holborn-and-st-pancras,0,3,0%,1
https://ukdemographics.co.uk/places/newcastle-upon-tyne,0,3,0%,1
https://ukdemographics.co.uk/constituencies/ceredigion-preseli/,0,3,0%,3.33
https://ukdemographics.co.uk/constituencies/rother-valley/,0,3,0%,3.33
https://ukdemographics.co.uk/constituencies/penrith-and-solway/,0,3,0%,3.67
https://ukdemographics.co.uk/constituencies/newport-east/,0,3,0%,4
https://ukdemographics.co.uk/constituencies/hendon/,0,3,0%,4.33
https://ukdemographics.co.uk/constituencies/paisley-and-renfrewshire-south/,0,3,0%,4.67
https://ukdemographics.co.uk/constituencies/thurrock/,0,3,0%,6
https://ukdemographics.co.uk/constituencies/ipswich/,0,3,0%,6.33
https://ukdemographics.co.uk/constituencies/arbroath-and-broughty-ferry/,0,3,0%,7.33
https://ukdemographics.co.uk/constituencies/lewes/,0,3,0%,7.33
https://ukdemographics.co.uk/constituencies/rutherglen/,0,3,0%,7.33
https://ukdemographics.co.uk/constituencies/high-peak/,0,3,0%,8
https://ukdemographics.co.uk/constituencies/earley-and-woodley/,0,3,0%,8.67
https://ukdemographics.co.uk/constituencies/airdrie-and-shotts/,0,3,0%,9
https://ukdemographics.co.uk/constituencies/manchester-rusholme/,0,3,0%,9
https://ukdemographics.co.uk/constituencies/hamilton-and-clyde-valley/,0,3,0%,13.67
https://ukdemographics.co.uk/constituencies/glasgow-west/,0,3,0%,14.67
https://ukdemographics.co.uk/constituencies/inverclyde-and-renfrewshire-west/,0,3,0%,15
https://ukdemographics.co.uk/constituencies/lothian-east/,0,3,0%,28.67
https://ukdemographics.co.uk/places/plymouth,0,2,0%,1
https://ukdemographics.co.uk/places/southend-on-sea,0,2,0%,1
https://ukdemographics.co.uk/constituencies/newton-abbot/,0,2,0%,1.5
https://ukdemographics.co.uk/constituencies/beverley-and-holderness/,0,2,0%,4.5
https://ukdemographics.co.uk/constituencies/calder-valley/,0,2,0%,4.5
https://ukdemographics.co.uk/constituencies/dover-and-deal/,0,2,0%,4.5
https://ukdemographics.co.uk/constituencies/newport-west-and-islwyn/,0,2,0%,4.5
https://ukdemographics.co.uk/constituencies/bournemouth-west/,0,2,0%,5
https://ukdemographics.co.uk/constituencies/gedling/,0,2,0%,5
https://ukdemographics.co.uk/constituencies/dudley/,0,2,0%,5.5
https://ukdemographics.co.uk/constituencies/south-dorset/,0,2,0%,6
https://ukdemographics.co.uk/constituencies/cardiff-north/,0,2,0%,6.5
https://ukdemographics.co.uk/constituencies/dunfermline-and-dollar/,0,2,0%,6.5
https://ukdemographics.co.uk/constituencies/oxford-east/,0,2,0%,6.5
https://ukdemographics.co.uk/constituencies/hornsey-and-friern-barnet/,0,2,0%,7
https://ukdemographics.co.uk/constituencies/broxbourne/,0,2,0%,7.5
https://ukdemographics.co.uk/constituencies/epsom-and-ewell/,0,2,0%,7.5
https://ukdemographics.co.uk/constituencies/hereford-and-south-herefordshire/,0,2,0%,7.5
https://ukdemographics.co.uk/constituencies/coatbridge-and-bellshill/,0,2,0%,8
https://ukdemographics.co.uk/findings/nino-24-year-arc/,0,2,0%,8
https://ukdemographics.co.uk/constituencies/torbay/,0,2,0%,8.5
https://ukdemographics.co.uk/constituencies/epping-forest/,0,2,0%,9
https://ukdemographics.co.uk/constituencies/north-west-essex/,0,2,0%,9
https://ukdemographics.co.uk/constituencies/wokingham/,0,2,0%,9
https://ukdemographics.co.uk/constituencies/wakefield-and-rothwell/,0,2,0%,9.5
https://ukdemographics.co.uk/constituencies/cheltenham/,0,2,0%,10
https://ukdemographics.co.uk/constituencies/swindon-south/,0,2,0%,11
https://ukdemographics.co.uk/constituencies/sherwood-forest/,0,2,0%,12
https://ukdemographics.co.uk/constituencies/stirling-and-strathallan/,0,2,0%,19.5
https://ukdemographics.co.uk/constituencies/east-worthing-and-shoreham/,0,2,0%,22
https://ukdemographics.co.uk/constituencies/burton-and-uttoxeter,0,1,0%,1
https://ukdemographics.co.uk/constituencies/dewsbury-and-batley,0,1,0%,1
https://ukdemographics.co.uk/constituencies/gorton-denton/,0,1,0%,1
https://ukdemographics.co.uk/constituencies/holborn_and_st_pancras/,0,1,0%,1
https://ukdemographics.co.uk/constituencies/mitcham-and-morden,0,1,0%,1
https://ukdemographics.co.uk/constituencies/peckham,0,1,0%,1
https://ukdemographics.co.uk/constituencies/rayleigh-and-wickford/k,0,1,0%,1
https://ukdemographics.co.uk/constituencies/spelthorne/,0,1,0%,1
https://ukdemographics.co.uk/places/barking-and-dagenham,0,1,0%,1
https://ukdemographics.co.uk/places/bath-and-north-east-somerse,0,1,0%,1
https://ukdemographics.co.uk/places/bath-and-north-east-somerset,0,1,0%,1
https://ukdemographics.co.uk/places/bath-and-north-east-somerset-population,0,1,0%,1
https://ukdemographics.co.uk/places/bolton,0,1,0%,1
https://ukdemographics.co.uk/places/brighton-and-hove/population,0,1,0%,1
https://ukdemographics.co.uk/places/cardiff/riz,0,1,0%,1
https://ukdemographics.co.uk/places/fenland,0,1,0%,1
https://ukdemographics.co.uk/places/flintshire,0,1,0%,1
https://ukdemographics.co.uk/places/havering,0,1,0%,1
https://ukdemographics.co.uk/places/middlesbrough,0,1,0%,1
https://ukdemographics.co.uk/places/nottingham/nottingham-population-323635-ethnicity-and-projections,0,1,0%,1
https://ukdemographics.co.uk/places/rhondda-conon-taf/,0,1,0%,1
https://ukdemographics.co.uk/places/rotherham/ethnic-composition-trajectory,0,1,0%,1
https://ukdemographics.co.uk/places/south-density,0,1,0%,1
https://ukdemographics.co.uk/places/west-sulfok/,0,1,0%,1
https://ukdemographics.co.uk/constituencies/luton-south-and-south-bedfordshire/,0,1,0%,2
https://ukdemographics.co.uk/constituencies/north-cotswolds/,0,1,0%,2
https://ukdemographics.co.uk/findings/fertility-deprivation-gradient/,0,1,0%,2
https://ukdemographics.co.uk/constituencies/stockport/,0,1,0%,3
https://ukdemographics.co.uk/constituencies/telford/,0,1,0%,3
https://ukdemographics.co.uk/constituencies/kingston-upon-hull-north-and-cottingham/,0,1,0%,4
https://ukdemographics.co.uk/constituencies/lewisham-east/,0,1,0%,4
https://ukdemographics.co.uk/constituencies/newcastle-under-lyme/,0,1,0%,4
https://ukdemographics.co.uk/constituencies/cardiff-east/,0,1,0%,5
https://ukdemographics.co.uk/constituencies/derbyshire-dales/,0,1,0%,5
https://ukdemographics.co.uk/constituencies/greenwich-and-woolwich/,0,1,0%,5
https://ukdemographics.co.uk/constituencies/mid-sussex/,0,1,0%,5