Top queries,Clicks,Impressions,CTR,Position
uk demographics,58,4925,1.18%,6.96
slough demographics 2026,8,45,17.78%,2.18
demographics,6,12613,0.05%,9.45
demographics by postcode,6,209,2.87%,11.14
white flight birmingham uk,6,38,15.79%,5.29
birmingham demographics,5,822,0.61%,9.11
lancaster population 2026,5,156,3.21%,6.26
isle of wight population,4,2625,0.15%,7.88
luton population 2026,4,299,1.34%,3.1
postcode demographics,4,152,2.63%,12.76
worcester demographics,4,148,2.7%,12.05
bradford demographics 2026,4,127,3.15%,5.41
swindon population,3,1736,0.17%,7.14
demographics of uk,3,1168,0.26%,7.98
holborn and st pancras demographics,3,431,0.7%,9.42
ipswich population 2026,3,404,0.74%,4.71
swindon population 2026,3,394,0.76%,5.55
lincoln demographics,3,234,1.28%,9.53
ipswich demographics,3,182,1.65%,9.71
percentage of white people in birmingham,3,107,2.8%,4.61
luton demographics 2026,3,100,3%,4.78
white flight birmingham,3,16,18.75%,6.38
bournemouth population,2,2496,0.08%,9.32
population of norwich,2,1627,0.12%,8.23
population of manchester,2,1276,0.16%,10.9
winchester population,2,1042,0.19%,7.6
population of swindon,2,808,0.25%,7.16
manchester demographics,2,679,0.29%,9.02
population of milton keynes,2,605,0.33%,9.43
liverpool demographics,2,540,0.37%,9.36
reading population 2026,2,489,0.41%,6.97
demographics uk,2,475,0.42%,8.37
population of rotherham,2,403,0.5%,8.64
middlesbrough population 2026,2,384,0.52%,8.84
newbury population,2,326,0.61%,8.48
coventry demographics,2,323,0.62%,9.07
lincoln population 2026,2,304,0.66%,5.88
newcastle demographics,2,302,0.66%,5.32
what percentage of birmingham is white,2,286,0.7%,5.58
birmingham ethnic population,2,281,0.71%,8.63
croydon demographics,2,253,0.79%,10.31
wolverhampton population 2026,2,236,0.85%,5.3
norwich demographics,2,215,0.93%,7.45
dover demographics,2,213,0.94%,8.73
eastbourne population 2026,2,209,0.96%,4.49
isle of wight demographics,2,194,1.03%,6.54
york demographics,2,190,1.05%,7.93
st albans population 2026,2,185,1.08%,5.5
birmingham population by ethnicity,2,176,1.14%,8.05
leicester population ethnicity,2,124,1.61%,6.77
stockport demographics,2,118,1.69%,11.43
what is the population of wigan,2,115,1.74%,6.79
demographics of bradford,2,103,1.94%,8.78
white population in birmingham,2,74,2.7%,4.99
birmingham england demographics,2,61,3.28%,8.15
school demographics,2,55,3.64%,4.29
birmingham white british population,2,47,4.26%,3.55
white population in england 2026,2,34,5.88%,6.79
blackpool ethnicity,2,28,7.14%,3.79
southampton population ethnicity,2,28,7.14%,5.18
school demographics data,2,16,12.5%,4.69
lewisham demographics 2025,2,14,14.29%,6.14
check demographics of an area,2,8,25%,4.38
st ives demographics,2,7,28.57%,5.14
broxbourne,2,5,40%,15.6
manchester population,1,4307,0.02%,10.21
norwich population,1,3245,0.03%,7.65
reading population,1,2492,0.04%,8.84
coventry population,1,2406,0.04%,8.71
milton keynes population,1,2015,0.05%,7.91
cardiff population,1,1971,0.05%,10.56
population of isle of wight,1,1637,0.06%,8.32
liverpool population,1,1600,0.06%,11.4
plymouth population,1,1355,0.07%,8.35
lincoln population,1,1351,0.07%,8.17
guildford population,1,1149,0.09%,9.25
blackpool population,1,1089,0.09%,9.38
birmingham population,1,1049,0.1%,10.73
colchester population,1,1042,0.1%,10.86
oxford population,1,1023,0.1%,10.57
bradford demographics,1,919,0.11%,8.79
stevenage population,1,826,0.12%,8.89
burnley population,1,801,0.12%,9.42
newport population,1,786,0.13%,10.14
worthing population,1,687,0.15%,7.57
population of the isle of wight,1,598,0.17%,9.23
middlesbrough demographics,1,592,0.17%,7.9
population of luton,1,587,0.17%,9.71
brighton and hove population,1,574,0.17%,9.93
population of colchester,1,563,0.18%,11.51
warwick population,1,533,0.19%,7.21
population of burnley,1,492,0.2%,8.13
population of swansea,1,481,0.21%,11.54
uk population demographics,1,475,0.21%,10.05
horsham population,1,473,0.21%,9.49
woking population,1,445,0.22%,9.2
luton demographics,1,437,0.23%,8.94
population of bristol uk,1,393,0.25%,10.46
wrexham population,1,380,0.26%,10.58
demographics of the uk,1,378,0.26%,9.85
population bristol,1,372,0.27%,9.49
population of darlington,1,369,0.27%,10.83
wirral population,1,362,0.28%,6.24
population of newport,1,358,0.28%,8.29
redditch population,1,338,0.3%,7.81
bristol demographics,1,336,0.3%,9.44
dartford population,1,329,0.3%,9.11
somerset population,1,325,0.31%,11.6
reading uk population,1,315,0.32%,7.66
population of northumberland,1,302,0.33%,8.49
milton keynes population 2026,1,298,0.34%,6.6
ribble valley demographics,1,298,0.34%,9.74
hull population 2026,1,289,0.35%,9.35
what is the population of norwich,1,271,0.37%,6.57
bromley demographics,1,270,0.37%,10.52
brighton demographics,1,269,0.37%,9.07
portsmouth demographics,1,265,0.38%,10.19
bolton population 2026,1,263,0.38%,7.12
blackpool demographics,1,258,0.39%,7.48
blackburn demographics,1,258,0.39%,9.1
population of walsall,1,257,0.39%,10.39
bexley population,1,254,0.39%,9.43
gloucester population 2026,1,253,0.4%,4.82
nottingham demographics,1,252,0.4%,11.8
derby population 2026,1,251,0.4%,8.1
north tyneside demographics,1,251,0.4%,14.05
brighton uk population,1,250,0.4%,10.41
north northamptonshire demographics,1,249,0.4%,6.17
leicester demographics,1,248,0.4%,11.65
birmingham white population,1,245,0.41%,5.92
birmingham demographics 2026,1,245,0.41%,7.86
colchester population 2026,1,244,0.41%,7.31
york england population,1,243,0.41%,8.1
north norfolk demographics,1,236,0.42%,13.62
demographics of birmingham,1,235,0.43%,11.36
how many people live in reading,1,233,0.43%,8.94
reading demographics,1,232,0.43%,6.32
north yorkshire population,1,231,0.43%,12.16
lancaster demographics,1,225,0.44%,9.08
rochdale demographics,1,225,0.44%,10.98
lichfield population,1,224,0.45%,12.79
cardiff demographics,1,222,0.45%,9.77
southampton demographics,1,220,0.45%,8.48
south tyneside demographics,1,218,0.46%,6.36
boston uk population,1,215,0.47%,7.6
blackpool population 2026,1,215,0.47%,8.72
kingston upon thames demographics,1,215,0.47%,9.01
maidstone demographics,1,211,0.47%,12.59
brentwood demographics,1,210,0.48%,8.23
preston demographics,1,207,0.48%,6.05
ealing demographics,1,207,0.48%,11.18
winchester population 2026,1,205,0.49%,5.91
newport demographics,1,204,0.49%,9.07
dudley population,1,201,0.5%,12.69
southport population,1,200,0.5%,11.49
population guildford,1,199,0.5%,9.88
colchester demographics,1,198,0.51%,10.79
population of wrexham,1,194,0.52%,10.21
makerfield population,1,193,0.52%,7.4
hull demographics,1,192,0.52%,9.29
greenwich demographics,1,192,0.52%,10.24
demographic uk,1,192,0.52%,10.47
blackburn with darwen demographics,1,192,0.52%,12.1
bradford muslim population,1,189,0.53%,14.78
wirral demographics,1,187,0.53%,9.99
bexley demographics,1,187,0.53%,10.61
makerfield demographics,1,186,0.54%,3.16
what is the population of southampton,1,185,0.54%,8.88
clacton demographics,1,185,0.54%,14.97
population of anglesey,1,183,0.55%,11.31
bradford population 2026,1,176,0.57%,6.12
blackburn population 2026,1,167,0.6%,7.21
birmingham uk demographics,1,167,0.6%,7.93
havant population,1,167,0.6%,8.66
lewes population,1,167,0.6%,8.69
stoke on trent population 2026,1,165,0.61%,6.08
sunderland demographics,1,163,0.61%,9.98
what is the population of swindon,1,162,0.62%,6.96
chelmsford demographics,1,157,0.64%,8.99
anglesey population,1,155,0.65%,10.77
population ipswich,1,153,0.65%,9.45
northumberland demographics,1,151,0.66%,7.1
norwich uk population,1,149,0.67%,6.32
maldon population,1,149,0.67%,13.38
torbay demographics,1,147,0.68%,6.5
crawley demographics,1,146,0.68%,9.16
slough census,1,144,0.69%,11.39
yes,1,142,0.7%,5.99
mansfield population 2026,1,138,0.72%,5.97
orpington population,1,134,0.75%,8
population of the wirral,1,131,0.76%,6.19
population of carmarthenshire,1,129,0.78%,12.86
wakefield demographics,1,126,0.79%,12.48
romford population,1,121,0.83%,6.84
rutland population,1,117,0.85%,8.44
leicester ethnic population,1,115,0.87%,7.31
demographic data by postcode,1,114,0.88%,11.69
population of peterborough uk,1,112,0.89%,9.96
witham population,1,108,0.93%,7.53
population by postcode uk,1,104,0.96%,15.14
population tunbridge wells,1,103,0.97%,8.68
population birmingham,1,102,0.98%,12.97
birmingham muslim population 2026,1,101,0.99%,9.47
what is the population of sunderland,1,100,1%,8.7
how many people live in stevenage,1,99,1.01%,8.03
population of doncaster 2026,1,99,1.01%,8.85
bromley census,1,96,1.04%,10.14
population luton,1,92,1.09%,8.46
population of mansfield uk,1,91,1.1%,7.6
rochdale population 2026,1,85,1.18%,6.82
what is the population of doncaster,1,84,1.19%,8.56
demographics of manchester,1,82,1.22%,9.06
kings lynn population 2026,1,81,1.23%,6.47
slough population 2026,1,80,1.25%,5.7
harlow population 2026,1,77,1.3%,6.19
nottingham ethnic population,1,77,1.3%,7.03
how many people live in crawley,1,77,1.3%,8.18
manchester ethnicity,1,77,1.3%,9.4
swindon,1,72,1.39%,2.92
population of poole dorset,1,72,1.39%,9.53
hornchurch population,1,72,1.39%,9.78
population of barnsley 2026,1,71,1.41%,7.32
walthamstow demographics,1,71,1.41%,9.99
hitchin population 2026,1,69,1.45%,3.75
population of clacton,1,69,1.45%,9.83
population of llanelli,1,67,1.49%,9.82
manchester ethnicity percentage,1,66,1.52%,7.48
liverpool white population,1,64,1.56%,6.55
demographics of birmingham uk,1,64,1.56%,7.97
wokingham demographics,1,63,1.59%,8.06
white british fertility rate,1,63,1.59%,11.94
population wigan,1,62,1.61%,8.37
swindon uk population,1,61,1.64%,5.54
birmingham population ethnicity,1,61,1.64%,8.46
stroud population 2026,1,61,1.64%,9.41
east lindsey demographics,1,60,1.67%,7.48
king's lynn population 2026,1,59,1.69%,7.02
poole population 2026,1,59,1.69%,8.1
richmond uk population,1,57,1.75%,9.18
west midlands population 2026,1,55,1.82%,8.05
manchester population by ethnicity,1,54,1.85%,6.57
torquay population 2026,1,54,1.85%,9.44
are white people a minority in birmingham uk,1,53,1.89%,5.79
holborn and st pancras ethnicity,1,53,1.89%,10.06
leicester demographics 2026,1,52,1.92%,7.88
reading muslim population,1,52,1.92%,8.25
birmingham white percentage,1,51,1.96%,5.33
forest of dean demographics,1,50,2%,7.84
three rivers population,1,46,2.17%,9.8
demography uk,1,45,2.22%,8.16
slough population ethnicity,1,44,2.27%,5.57
demographic of bradford,1,43,2.33%,8.51
canterbury einwohner,1,43,2.33%,8.95
how many muslims live in bradford,1,43,2.33%,10.02
shrewsbury demographics,1,42,2.38%,7.9
doncaster uk population,1,42,2.38%,8.07
cardiff ethnic population,1,41,2.44%,7.71
reading uk population 2026,1,40,2.5%,7.58
population of cheltenham 2026,1,39,2.56%,7.92
population of woking surrey,1,39,2.56%,9.18
ashford population 2026,1,38,2.63%,6.42
luton,1,37,2.7%,3.65
uk arab population,1,37,2.7%,4.03
brighton ethnic population,1,37,2.7%,6.76
population of holborn and st pancras,1,37,2.7%,7.35
cambridge ethnicity,1,36,2.78%,5.56
birmingham uk racial demographics,1,35,2.86%,6.54
battersea population,1,35,2.86%,7.29
luton demographic,1,35,2.86%,7.86
population of newport gwent,1,35,2.86%,7.94
white population birmingham,1,34,2.94%,6.06
leicester population by ethnicity,1,34,2.94%,7.26
warwick uk population,1,33,3.03%,5.61
population of eastbourne 2026,1,32,3.12%,4.38
whitehaven population 2026,1,32,3.12%,5.72
barnet demographics,1,32,3.12%,12.09
what is the population of lincoln uk,1,31,3.23%,7.32
bradford england demographics,1,31,3.23%,8.19
maldon population 2026,1,30,3.33%,5.03
newport wales population 2026,1,29,3.45%,8.28
percentage of white british in birmingham,1,28,3.57%,4.86
how white is birmingham,1,28,3.57%,5.07
what is the population of the wirral,1,28,3.57%,5.5
birmingham population by race,1,28,3.57%,6.39
largest and smallest uk constituencies by population,1,28,3.57%,6.57
population dover,1,28,3.57%,8.07
makerfield ethnicity,1,27,3.7%,5.63
bath population 2023,1,27,3.7%,6.7
isle of wight immigrant population,1,26,3.85%,3.96
brentford demographics,1,26,3.85%,8.08
ripon population 2026,1,26,3.85%,8.19
what about 2026,1,25,4%,2.96
somerset demographics,1,25,4%,5.48
wood green demographics,1,25,4%,9.28
population canterbury uk,1,25,4%,9.52
population of durham uk,1,25,4%,14.04
banstead population,1,24,4.17%,7.38
what is the population of oxford uk,1,24,4.17%,8.75
colchester ethnic population,1,22,4.55%,5.36
white british population uk 2026,1,22,4.55%,5.5
how many people live in waltham forest,1,22,4.55%,8.27
colchester ethnicity,1,21,4.76%,3.33
somerset england population,1,21,4.76%,7.81
eastleigh demographics,1,20,5%,5.4
liverpool ethnicity statistics,1,20,5%,6.4
birmingham white flight,1,20,5%,6.5
birmingham population demographics,1,20,5%,6.65
demographics of slough,1,20,5%,7.05
ethnic breakdown of birmingham,1,20,5%,7.95
uk white percentage 2026,1,19,5.26%,4.58
torquay demographics,1,19,5.26%,7.37
uk demographic projections ethnicity,1,18,5.56%,4.17
luton population ethnicity,1,18,5.56%,5.22
crawley ethnicity,1,18,5.56%,6.33
watford ethnicity,1,18,5.56%,7.06
population of sevenoaks kent,1,18,5.56%,8.33
clacton on sea population 2026,1,17,5.88%,6.53
ethnicity of birmingham uk,1,17,5.88%,6.65
leicester population demographics,1,17,5.88%,7.35
bradford population demographics,1,17,5.88%,8.18
muslim population in peterborough,1,17,5.88%,10.18
population of canterbury 2026,1,16,6.25%,6.31
population market harborough,1,16,6.25%,9.75
reigate demographics,1,15,6.67%,6
how many people are in brighton,1,15,6.67%,6.2
birmingham demographics by race,1,15,6.67%,6.67
boston borough council,1,14,7.14%,3.71
birmingham demography,1,14,7.14%,10.07
sheffield white population,1,13,7.69%,5.23
population of lancaster england,1,13,7.69%,6.46
bournemouth metro population,1,13,7.69%,8.23
population of morley leeds,1,13,7.69%,10.15
leicester population by religion,1,13,7.69%,10.62
makerfield constituency demographics,1,12,8.33%,5.33
oxford ethnicity,1,12,8.33%,5.42
wandsworth ethnicity,1,12,8.33%,6.17
population of royal tunbridge wells,1,12,8.33%,7.75
demographic area,1,11,9.09%,4.36
mansfield ethnicity,1,11,9.09%,4.91
worcestershire demographics,1,11,9.09%,6.64
population of shropshire 2026,1,11,9.09%,10.64
southampton ethnicity statistics,1,10,10%,4.9
st albans demographics 2025,1,10,10%,6.1
how many muslims in nottingham,1,10,10%,10.9
birmingham city demographics,1,10,10%,12.2
oldham,1,9,11.11%,2.44
how diverse is cardiff,1,9,11.11%,8.22
population westminster,1,9,11.11%,8.44
birmingham by ethnicity,1,8,12.5%,7.88
london borough of croydon population,1,8,12.5%,11.88
area demographics uk,1,8,12.5%,15.88
lancaster ethnicity percentage,1,7,14.29%,3
hackney london demographics,1,7,14.29%,8.71
bournemouth population 2025,1,7,14.29%,12.57
demographics by area,1,6,16.67%,5.17
white birth rates,1,5,20%,3.2
schools demographics,1,5,20%,3.8
weather winchester,1,5,20%,4.6
clacton constituency demographics,1,5,20%,6
lambeth,1,4,25%,1.75
ukdemographics,1,4,25%,4.25
projection,1,4,25%,5
nationalities,1,4,25%,7.75
"blackburn blackburn with darwen, united kingdom",1,4,25%,9.5
rossendale,1,4,25%,21.75
durham demographics race,1,3,33.33%,5.33
demographic stats,1,3,33.33%,5.67
enfield population ethnicity,1,3,33.33%,6.67
sevenoaks census,1,3,33.33%,6.67
boston statistics,1,3,33.33%,16
leicester west,1,3,33.33%,22.67
what is your prediction,1,2,50%,1
by religion,1,2,50%,3.5
gwynedd demographics,1,2,50%,3.5
how to find demographics of an area,1,2,50%,5
population of york region,1,2,50%,5.5
aantal inwoners manchester,1,2,50%,11
godalming and ash,1,2,50%,20
demographics area,1,1,100%,1
demographics of area,1,1,100%,1
dartford library,1,1,100%,2
demographics search,1,1,100%,2
different local,1,1,100%,2
hastings demographic,1,1,100%,2
house prices dartford,1,1,100%,2
reading london,1,1,100%,2
weather near st albans,1,1,100%,2
brighton kort,1,1,100%,3
merton council,1,1,100%,3
weather nuneaton today,1,1,100%,3
shevington,1,1,100%,4
south oxfordshire demographics,1,1,100%,4
wates house fareham,1,1,100%,4
what about barnet,1,1,100%,4
borough of luton,1,1,100%,5
moor court gosforth,1,1,100%,6
newport library,1,1,100%,6
view planning applications rushcliffe borough council free,1,1,100%,6
blackpool news,1,1,100%,7
worcester diversity,1,1,100%,7
amber valley,1,1,100%,8
showfields tunbridge wells,1,1,100%,8
future growth,1,1,100%,9
east kilbride and strathaven,1,1,100%,16
north east bristol,1,1,100%,23
are people leaving birmingham,1,1,100%,40
bristol population,0,15234,0%,10.31
brighton population,0,2905,0%,9.66
newcastle population,0,2624,0%,10.14
york population,0,2541,0%,9.45
ipswich population,0,1971,0%,7.79
cambridge population,0,1937,0%,10.39
newcastle population 2017,0,1926,0%,8.58
southampton population,0,1910,0%,10.49
middlesbrough population,0,1693,0%,10.49
population of bristol,0,1541,0%,10.92
luton population,0,1353,0%,8.57
bradford population,0,1331,0%,9.91
hull population,0,1331,0%,9.94
bath population,0,1199,0%,10.36
population of newcastle,0,1143,0%,10.01
gloucester population,0,1142,0%,7.87
population of brighton,0,1118,0%,10.18
population of reading,0,1099,0%,8.09
population of bournemouth,0,1091,0%,9.67
lancaster population,0,1065,0%,8.03
newcastle upon tyne population,0,1039,0%,9.99
swansea population,0,1013,0%,10.48
derby population,0,1003,0%,10.27
leicester population,0,999,0%,10.79
sunderland population,0,985,0%,10.83
peterborough population,0,957,0%,10.74
bolton population,0,947,0%,10.18
chester population,0,931,0%,10.73
st albans population,0,887,0%,9.58
population of southampton,0,878,0%,10.19
population of portsmouth,0,871,0%,10.29
canterbury population,0,854,0%,10.67
leeds population,0,845,0%,10.61
wolverhampton population,0,838,0%,10.11
population of ipswich,0,834,0%,10.17
chelmsford population,0,823,0%,9.85
preston population,0,816,0%,9.84
worcester population,0,809,0%,7.69
barnsley population,0,790,0%,9.32
population of lincoln,0,767,0%,10.14
population of derby,0,762,0%,8.96
stoke on trent population,0,762,0%,9.74
doncaster population,0,742,0%,10.83
population of middlesbrough,0,733,0%,10.89
hull city population,0,730,0%,8.62
population of plymouth,0,725,0%,9.38
eastbourne population,0,715,0%,9.12
rotherham population,0,712,0%,9.28
portsmouth population,0,689,0%,11.13
population of cambridge,0,683,0%,12.01
crawley population,0,674,0%,8.56
population of coventry,0,666,0%,10.35
how many people live in newcastle,0,665,0%,9.43
maidstone population,0,661,0%,8.64
croydon population,0,647,0%,10.97
slough population,0,641,0%,8.59
population of hull,0,638,0%,10.44
sheffield population,0,625,0%,9.96
population of blackpool,0,606,0%,10.33
how many people live in york,0,587,0%,7.77
population of gloucester,0,581,0%,9.9
norwich population 2026,0,577,0%,6.86
population of guildford,0,577,0%,8.71
bristol population 2026,0,576,0%,9.96
population of wigan,0,575,0%,8.63
wigan population,0,570,0%,10.52
tunbridge wells population,0,569,0%,9.38
basingstoke population,0,569,0%,10.76
mansfield population,0,568,0%,8.4
population of brighton and hove,0,565,0%,9.65
shrewsbury population,0,562,0%,10.77
hastings population,0,549,0%,10.01
cheltenham population,0,548,0%,8.28
what is the population of the isle of wight,0,541,0%,9.42
how many people live on the isle of wight,0,538,0%,8.83
population of winchester,0,538,0%,8.87
salford population,0,530,0%,8.92
darlington population,0,508,0%,9.76
watford population,0,502,0%,8.98
blackburn population,0,497,0%,10.99
population of stoke on trent,0,494,0%,11.24
population of eastbourne,0,490,0%,10.45
population of worcester,0,487,0%,8.76
population of chelmsford,0,485,0%,9.55
population of lancaster,0,483,0%,7.9
population of stevenage,0,472,0%,9.47
warrington population,0,467,0%,10.61
population isle of wight,0,458,0%,9.41
population of sunderland,0,458,0%,11.74
great yarmouth population,0,447,0%,8.94
population of wolverhampton,0,446,0%,10.68
stockport population,0,445,0%,11.13
banbury population,0,436,0%,10.88
population of newcastle upon tyne,0,427,0%,9.55
dover population,0,426,0%,7.33
how many people live in southampton,0,422,0%,9.73
boston population,0,418,0%,11.67
st helens population,0,417,0%,9.37
what is the population of bristol,0,415,0%,10.05
wakefield population,0,415,0%,12.93
kingston upon hull population,0,413,0%,9.77
coventry population 2026,0,407,0%,8.01
hartlepool population,0,401,0%,8.9
population of bolton,0,400,0%,11.95
poole population,0,396,0%,8.89
population of tunbridge wells,0,389,0%,10.04
population of birmingham uk,0,388,0%,9.55
population of st albans,0,387,0%,10.88
population of liverpool,0,386,0%,15.62
cardiff population 2026,0,385,0%,7.68
population of maidstone,0,385,0%,9.26
brighton population 2026,0,384,0%,9.95
how many people live in norwich,0,379,0%,9.07
dorset population,0,377,0%,9.02
camden population,0,376,0%,9.13
nottingham population,0,376,0%,14.25
population of leicester,0,372,0%,12.95
population of barnsley,0,368,0%,10.72
britain demographics,0,367,0%,9.93
solihull population,0,360,0%,10.28
population of peterborough,0,360,0%,12.11
sevenoaks population,0,356,0%,8.88
population of mansfield,0,356,0%,9.06
kings lynn population,0,356,0%,10.07
york population 2026,0,354,0%,7.09
telford population,0,351,0%,10.92
bath population 2026,0,350,0%,7.03
nuneaton population,0,350,0%,9.65
braintree population,0,349,0%,9.45
population of salford,0,349,0%,11.45
population of worthing,0,348,0%,9.44
gosport population,0,346,0%,8.5
cotswolds population,0,346,0%,9.42
population of oxford,0,346,0%,11.48
how many people live in milton keynes,0,345,0%,9.47
portsmouth population 2026,0,344,0%,9.14
population of southampton uk,0,342,0%,10.4
population of cardiff 2026,0,335,0%,7.64
bridgend population,0,333,0%,7.64
united kingdom demographics,0,331,0%,12.78
british demographics,0,330,0%,7.99
lewisham population,0,330,0%,10.03
stoke population,0,328,0%,8.75
population of bath uk,0,326,0%,9.45
nuneaton and bedworth demographics,0,325,0%,7.26
population brighton,0,325,0%,11.37
gateshead population,0,323,0%,8.15
ealing population,0,322,0%,10.44
southend population,0,321,0%,10.9
how many people live in cambridge,0,321,0%,12.26
isle of white population,0,319,0%,5.93
population norwich,0,319,0%,8.06
cornwall population,0,319,0%,12.11
rochdale population,0,318,0%,11.46
population of reading uk,0,317,0%,8.53
population of york,0,316,0%,12.96
how many people live in liverpool,0,315,0%,13.66
how many people live in lincoln,0,311,0%,12.18
bradford population ethnicity,0,307,0%,7.22
middlesbrough muslim population,0,306,0%,9.02
population of wakefield,0,305,0%,12.69
how many people live in oxford,0,304,0%,10.09
population of slough,0,298,0%,9.67
population of cheltenham,0,298,0%,9.98
how many people live in hull,0,298,0%,11.94
oxford population 2026,0,297,0%,8.71
harrow population,0,296,0%,9.3
rotherham demographics,0,296,0%,11.08
population of st helens,0,295,0%,9.11
greenwich population,0,295,0%,9.51
population of york uk,0,294,0%,8.79
population of gosport,0,293,0%,11.23
population of nottingham,0,293,0%,14.6
manchester uk population,0,292,0%,10.09
brentwood population,0,292,0%,10.13
lincoln uk population,0,290,0%,8.38
population of bromley,0,290,0%,10.79
mansfield demographics,0,290,0%,11.01
nottingham population 2026,0,289,0%,10.39
population of warwick,0,287,0%,6.75
camden demographics,0,287,0%,9.13
population of dorset,0,287,0%,9.66
population of cardiff,0,285,0%,14.53
population of crawley,0,283,0%,10.24
tewkesbury demographics,0,281,0%,10.14
newcastle uk population,0,280,0%,9.11
population of hastings,0,280,0%,11.56
population of redditch,0,280,0%,11.77
population of basingstoke,0,280,0%,11.78
population of great yarmouth,0,279,0%,9.06
northumberland population,0,278,0%,10.32
census wolverhampton,0,278,0%,14.38
milton keynes demographics,0,277,0%,9.57
population of kings lynn,0,275,0%,10.35
population of preston,0,274,0%,12.18
wales demographics,0,272,0%,8.4
maidenhead population,0,271,0%,11.22
hitchin population,0,271,0%,11.28
preston population 2026,0,270,0%,7.15
southwark population,0,268,0%,9.93
york uk population,0,265,0%,8.57
population of rochdale,0,265,0%,10.6
staffordshire moorlands demographics,0,265,0%,10.77
population of poole,0,264,0%,8.97
winchester demographics,0,264,0%,10.33
population of lewisham,0,264,0%,11.53
slough demographics,0,263,0%,8.23
harlow population,0,262,0%,9.46
burnley census,0,262,0%,14.64
wiltshire population,0,261,0%,11.04
redbridge population,0,259,0%,7.99
population of pembrokeshire,0,259,0%,8.7
rotherham census,0,259,0%,12.12
west devon demographics,0,259,0%,13.95
kingston population,0,258,0%,10.86
population of camden,0,257,0%,9.39
warrington population 2026,0,256,0%,6.85
population of horsham,0,255,0%,11.85
bradford ethnic population,0,254,0%,8.3
population of lincoln uk,0,253,0%,7.97
cambridge demographics,0,253,0%,8.89
warwick demographics,0,253,0%,10.19
islington population,0,253,0%,10.74
uk demographic,0,252,0%,11
dartford demographics,0,250,0%,7.28
population of cambridge uk,0,249,0%,9.82
christchurch and poole population,0,247,0%,9.48
population demographics uk,0,245,0%,9.11
cambridge uk population,0,244,0%,10.75
hertsmere demographics,0,244,0%,10.99
population of birmingham,0,244,0%,12.24
erewash demographics,0,244,0%,12.91
population of ipswich uk,0,243,0%,7.13
population of woking,0,243,0%,9.41
lewisham demographics,0,243,0%,10.66
tonbridge population,0,243,0%,11.3
population demographics,0,243,0%,14.55
sutton demographics,0,242,0%,9.47
sutton population,0,241,0%,11.35
barking and dagenham demographics,0,240,0%,8.91
population of county durham,0,240,0%,11.05
population of norwich uk,0,239,0%,6.56
population of somerset,0,239,0%,12.41
macclesfield population,0,239,0%,12.74
population of bexley,0,238,0%,9.32
maldon demographics,0,238,0%,11.26
population of doncaster,0,238,0%,12.18
clacton population,0,238,0%,14.07
wolverhampton census,0,238,0%,16.14
kingston upon thames population,0,237,0%,9.56
how many people live in coventry,0,237,0%,13.76
redditch census,0,237,0%,14.41
population of southend on sea,0,236,0%,11.19
population of watford,0,235,0%,10.3
walsall population,0,235,0%,11.43
population of solihull,0,234,0%,10.88
enfield population,0,234,0%,12.44
wolverhampton demographics,0,233,0%,10.63
llanelli population,0,233,0%,10.93
population of sutton,0,232,0%,11.4
population of dover,0,230,0%,9.08
enfield demographics,0,230,0%,12.24
epping forest demographics,0,228,0%,5.82
hartlepool census,0,228,0%,12.83
population of north yorkshire,0,227,0%,10.15
population of nuneaton,0,227,0%,10.19
chichester population,0,227,0%,10.23
luton population by religion,0,227,0%,12.51
doncaster population 2026,0,226,0%,8.33
rochdale census,0,226,0%,12.48
+stoke-on-trent 2021 census male population,0,225,0%,6.32
population of telford,0,225,0%,11.2
how many people live in canterbury,0,225,0%,12.3
blackburn muslim population,0,224,0%,10.87
ashfield demographics,0,224,0%,11.09
population of hartlepool,0,224,0%,12.12
what is the population of newcastle,0,223,0%,9.31
county durham population,0,223,0%,13.06
broxbourne demographics,0,222,0%,6.16
%stoke-on-trent 2021 census male population,0,222,0%,6.41
how many people live in gloucester,0,222,0%,8.41
what percentage of bradford is muslim,0,222,0%,11.89
reigate population,0,221,0%,8.17
population of greenwich,0,221,0%,9.09
population of bridgend,0,221,0%,9.64
how many people live in wolverhampton,0,221,0%,11.16
buckinghamshire population,0,221,0%,11.88
poole demographics,0,220,0%,7.14
how many people live in blackpool,0,220,0%,8.1
mid devon demographics,0,219,0%,4.99
cannock chase demographics,0,219,0%,5.96
how many people live in colchester,0,218,0%,10.26
hastings demographics,0,217,0%,7.1
population of coventry 2026,0,217,0%,8.18
sunderland population 2026,0,217,0%,9.19
barnsley demographics,0,217,0%,11.01
population of wiltshire,0,217,0%,13.03
how many people live in newport,0,216,0%,9.76
chelmsford population 2026,0,215,0%,5.62
bridgend demographics,0,215,0%,9.21
thanet population,0,214,0%,8.1
population of southwark,0,214,0%,10.1
population of redbridge,0,214,0%,10.31
wigan population 2026,0,213,0%,7.41
how many people live in preston,0,213,0%,9.03
stockton on tees population,0,213,0%,9.84
gosport demographics,0,213,0%,11.3
population of stockport,0,213,0%,13.1
epping demographics,0,212,0%,7.75
knowsley demographics,0,209,0%,7.15
population of newbury,0,209,0%,8.63
how many people live in bournemouth,0,209,0%,11.8
rhondda cynon taf demographics,0,208,0%,5.91
stoke on trent demographics,0,208,0%,8.19
st albans demographics,0,208,0%,10.53
oldham population,0,208,0%,11.19
population of maidenhead,0,208,0%,12.37
local demographics,0,208,0%,12.71
north west leicestershire demographics,0,208,0%,13.33
fylde population,0,208,0%,14.02
population of wirral,0,206,0%,7.29
thurrock demographics,0,206,0%,7.69
canterbury population 2026,0,204,0%,7
witney population,0,204,0%,8.32
how many gypsies in uk,0,204,0%,8.53
census salford,0,204,0%,9.44
swindon demographics,0,203,0%,5.96
population of portsmouth uk,0,203,0%,9.21
tunbridge wells demographics,0,203,0%,10.47
coventry muslim population,0,203,0%,10.59
population of ealing,0,203,0%,12.49
luton muslim population,0,202,0%,12.12
area demographics,0,202,0%,14.45
pembrokeshire demographics,0,201,0%,7.54
calderdale demographics,0,201,0%,8.65
epping forest population,0,201,0%,9.2
bedford population,0,201,0%,9.97
bromley population,0,201,0%,12.55
portsmouth census,0,201,0%,14.11
north tyneside census,0,200,0%,8.34
pembrokeshire population,0,200,0%,9.24
population of stockton on tees,0,200,0%,9.75
demography of uk,0,200,0%,10.4
liverpool muslim population,0,200,0%,11.91
guildford population 2026,0,199,0%,6.71
fareham population,0,199,0%,8.44
horsham demographics,0,199,0%,8.81
how many people live in doncaster,0,199,0%,11.97
population of bath,0,199,0%,12.01
bath uk population,0,198,0%,9.4
population of oxford uk,0,198,0%,10.3
bath and north east somerset demographics,0,197,0%,8.75
how many people live in chelmsford,0,197,0%,11.51
darlington demographics,0,196,0%,11.14
walsall demographics,0,195,0%,10.3
walthamstow population,0,195,0%,12.45
census kingston upon hull,0,194,0%,7.14
rochdale muslim population,0,194,0%,8.57
wyre forest demographics,0,194,0%,11.36
population of brighton uk,0,193,0%,9.37
peterborough demographics,0,193,0%,9.9
population of dartford,0,192,0%,8.76
westminster demographics,0,192,0%,9.43
population of sevenoaks,0,192,0%,9.83
tunbridge wells census,0,192,0%,10.02
braintree demographics,0,192,0%,10.95
stroud population,0,192,0%,12.09
uk demography,0,192,0%,15.3
winchester census,0,191,0%,7.41
wirral census,0,191,0%,7.9
chester demographics,0,191,0%,8.26
eastleigh population,0,191,0%,9.18
demographics in uk,0,191,0%,11.82
south cambridgeshire demographics,0,191,0%,15.49
south kesteven demographics,0,190,0%,8.14
bournemouth demographics,0,190,0%,9.36
torbay population,0,190,0%,10.26
bolton demographics,0,190,0%,10.64
uk population by region,0,190,0%,16.19
north east lincolnshire demographics,0,189,0%,8
bexley census,0,189,0%,8.89
ashfield population,0,189,0%,10.9
redbridge census,0,189,0%,11.01
how many people live in st albans,0,188,0%,12.45
merton census,0,187,0%,9.47
cardiff muslim population,0,187,0%,12.42
population of newport wales,0,186,0%,8.88
how many people live in newcastle upon tyne,0,186,0%,9.92
what is the population of liverpool,0,186,0%,10.66
ashford population,0,186,0%,11.51
havering demographics,0,186,0%,12.01
st helens demographics,0,186,0%,12.63
population of macclesfield,0,186,0%,13.57
pendle demographics,0,184,0%,6.22
census stoke on trent,0,184,0%,9.03
swindon census,0,184,0%,10.27
bournemouth census,0,184,0%,10.38
gypsy population uk,0,184,0%,10.43
redditch demographics,0,184,0%,13.34
population of croydon,0,184,0%,15.53
population swindon,0,183,0%,6.54
population of thanet,0,183,0%,7.82
preston census,0,183,0%,8.69
census stoke-on-trent,0,183,0%,8.88
cambridge population 2026,0,183,0%,8.91
population of kingston upon thames,0,183,0%,10.21
doncaster demographics,0,183,0%,10.5
kings lynn and west norfolk population,0,182,0%,10.48
newcastle england population,0,180,0%,8.32
richmond upon thames demographics,0,180,0%,8.6
population of oldham,0,180,0%,13.45
burnley demographics,0,179,0%,6.65
south somerset demographics,0,179,0%,7.85
bridgend census,0,179,0%,8.71
sutton census,0,179,0%,9.27
southwark demographics,0,179,0%,10.27
solihull demographics,0,178,0%,5.66
spelthorne population,0,178,0%,8.52
population of plymouth uk,0,178,0%,8.62
what is the population of portsmouth,0,178,0%,9.21
how many people live in winchester,0,178,0%,10.15
stockton on tees demographics,0,177,0%,8.17
mansfield census,0,177,0%,8.68
population of canterbury,0,177,0%,16.09
census winchester,0,176,0%,6.94
population of newcastle uk,0,176,0%,8.81
derbyshire dales population,0,176,0%,8.97
derby demographics,0,176,0%,9.11
how many people live in swindon,0,176,0%,9.11
how many people live in plymouth,0,176,0%,10.94
west lancashire population,0,176,0%,14.35
population reading,0,175,0%,8.51
slough muslim population,0,175,0%,8.9
hartlepool demographics,0,175,0%,11.37
merton demographics,0,174,0%,10.75
newcastle upon tyne census,0,174,0%,10.86
how many people live in sunderland,0,174,0%,14.01
census chelmsford,0,173,0%,8.95
southend on sea demographics,0,173,0%,9.9
stevenage census,0,173,0%,10.47
how many people live in cardiff,0,173,0%,17.62
census portsmouth,0,172,0%,12.22
how many people live in derby,0,172,0%,15.55
richmond upon thames population,0,171,0%,9.46
population of hull 2026,0,171,0%,10.04
how many people live in stoke on trent,0,171,0%,12.03
crawley population 2019 114000,0,170,0%,8.26
charnwood population,0,170,0%,9.09
stoke on trent census,0,170,0%,10.75
bassetlaw demographics,0,170,0%,12.14
census wrexham,0,169,0%,8.62
st helens census,0,169,0%,9.98
ilford north demographics,0,169,0%,10.8
barking and dagenham population,0,169,0%,11.68
population of islington,0,169,0%,12.3
haringey population,0,169,0%,13.65
richmond population,0,169,0%,14.69
population of norwich 2026,0,168,0%,6.92
burnley population 2026,0,168,0%,8.02
reading census,0,168,0%,9.6
redcar population,0,168,0%,9.75
population of barking and dagenham,0,168,0%,11.04
maidenhead demographics,0,168,0%,11.3
tonbridge and malling population,0,168,0%,11.36
worcester population 2026,0,167,0%,7.99
what is the population of bournemouth,0,167,0%,8.89
southend on sea population,0,167,0%,9.63
population of worcester uk,0,166,0%,7.5
birmingham ethnicity percentage,0,166,0%,8.24
dorking population,0,166,0%,8.58
ashford demographics,0,166,0%,12.34
population of warrington,0,166,0%,14.63
newcastle muslim population,0,165,0%,9
census coventry,0,165,0%,10.6
somerset west demographics,0,165,0%,13.05
preston muslim population,0,164,0%,10.7
tewkesbury population,0,164,0%,10.8
south derbyshire population,0,164,0%,11.95
powys population,0,163,0%,10.77
population of buckinghamshire,0,163,0%,13.15
nottingham muslim population,0,163,0%,14.58
lancaster uk population,0,162,0%,7.43
rossendale demographics,0,162,0%,9.64
southampton population 2026,0,162,0%,10.37
population of harlow,0,162,0%,10.59
islington north demographics,0,162,0%,10.96
dagenham population,0,162,0%,11.49
cannock population,0,162,0%,12.64
tameside demographics,0,162,0%,13.25
norwich muslim population,0,161,0%,8.3
how many people live in lancaster,0,161,0%,8.45
population of powys,0,161,0%,9.73
stoke-on-trent census,0,161,0%,10.85
population of dudley,0,161,0%,12.11
how many people live in worcester,0,161,0%,12.12
how many people live in swansea,0,161,0%,12.71
west northamptonshire demographics,0,161,0%,16.85
eastbourne demographics,0,160,0%,8.59
bournemouth population 2026,0,160,0%,8.59
south tyneside population,0,160,0%,9.66
barnsley census,0,160,0%,9.68
bolton muslim population,0,160,0%,10.01
waltham forest population,0,160,0%,11.25
torquay population,0,160,0%,14.26
newham demographics,0,160,0%,16.66
population of horsham west sussex,0,160,0%,16.7
ceredigion population,0,159,0%,8.4
population of derby uk,0,159,0%,9.25
south somerset population,0,159,0%,10.26
ethnic population projections uk,0,159,0%,10.31
colchester census,0,159,0%,10.61
greenwich census,0,159,0%,10.7
what percentage of birmingham is muslim,0,159,0%,12.91
demographic of uk,0,159,0%,13.53
hillingdon population,0,159,0%,16.26
stevenage demographics,0,158,0%,9.99
population middlesbrough,0,158,0%,10.02
bristol uk population,0,158,0%,11.7
gloucester demographics,0,157,0%,7.61
wigan demographics,0,157,0%,7.87
westminster population,0,157,0%,11.88
sunderland census,0,157,0%,12.15
north lincolnshire population,0,157,0%,13.15
population of chester,0,157,0%,13.53
population of hillingdon,0,157,0%,16.96
derbyshire dales demographics,0,156,0%,5.24
rossendale population,0,156,0%,7.29
what is the population of ipswich,0,156,0%,7.53
great yarmouth demographics,0,156,0%,8.76
how many people live in salford,0,156,0%,11.44
aylesbury population,0,156,0%,15.69
population of swindon 2026,0,155,0%,6.25
population of banbury,0,155,0%,9.1
newport wales population,0,155,0%,9.2
dartford census,0,155,0%,10.71
population of harrow,0,155,0%,12.26
how many people live in bath,0,155,0%,14.39
derbyshire population,0,155,0%,15.23
census preston,0,154,0%,9.34
west bromwich population,0,154,0%,9.45
kingston upon thames census,0,154,0%,10.34
census newcastle upon tyne,0,154,0%,10.48
demographics of united kingdom,0,154,0%,16.23
kingston upon hull census,0,153,0%,7.86
population manchester uk,0,153,0%,9.55
how many people live in birmingham,0,153,0%,11.43
waltham forest demographics,0,153,0%,11.46
bcp population,0,153,0%,13.1
manchester population pyramid,0,153,0%,23.89
barnsley population 2026,0,152,0%,6.27
dudley demographics,0,152,0%,8.55
north tyneside population,0,152,0%,9.91
trafford population,0,152,0%,10.43
salford census,0,152,0%,10.86
bracknell population,0,152,0%,11.11
population of manchester uk,0,152,0%,11.23
birmingham census 2021 ethnicity,0,152,0%,13.76
how many people live in wigan,0,151,0%,6.93
knowsley population,0,151,0%,7.92
swansea population 2026,0,151,0%,8.85
population of ashford kent,0,151,0%,10.22
enfield census,0,151,0%,12.23
population of stroud,0,151,0%,12.6
population of haringey,0,151,0%,15.3
ceredigion census,0,150,0%,4.09
oxford demographics,0,150,0%,9.51
peterborough population 2026,0,150,0%,9.88
population of southend,0,150,0%,10.13
uk demographic data,0,150,0%,14.89
salford demographics,0,149,0%,7.37
nuneaton and bedworth population,0,149,0%,9.36
rotherham muslim population,0,149,0%,10.19
population of havering,0,149,0%,12.25
blackburn with darwen population,0,149,0%,12.87
population of waltham forest,0,149,0%,15.23
warrington demographics,0,148,0%,8.7
thurrock population,0,148,0%,9.03
census colchester,0,148,0%,10.08
bristol england population,0,148,0%,11.12
milton keynes muslim population,0,148,0%,11.19
ons immigration,0,148,0%,15.97
population of luton 2026,0,147,0%,4.65
middlesbrough ethnic population,0,147,0%,6.85
what is the population of hull,0,147,0%,8.58
windsor population,0,147,0%,9
bromsgrove population,0,147,0%,10.31
peterborough muslim population,0,147,0%,11.16
islington demographics,0,147,0%,11.65
woking demographics,0,147,0%,12.87
havering population,0,147,0%,14.88
manchester ethnic population,0,146,0%,7.26
haringey census,0,146,0%,10.27
census lancaster,0,146,0%,11.11
cambridge census,0,146,0%,22.94